,nop,sigm,success_rate
0,2,1.0,0.954
1,2,1.03,0.9585
2,2,1.06,0.959
3,2,1.09,0.96
4,2,1.12,0.959
5,2,1.15,0.953
6,2,1.18,0.9465
7,2,1.21,0.9635
8,2,1.24,0.964
9,2,1.27,0.962
10,2,1.3,0.9505
11,2,1.33,0.9505
12,2,1.3599999999999999,0.95
13,2,1.3900000000000001,0.9555
14,2,1.42,0.9605
15,2,1.45,0.953
16,2,1.48,0.958
17,2,1.51,0.955
18,2,1.54,0.9525
19,2,1.5699999999999998,0.952
20,2,1.6,0.953
21,2,1.63,0.954
22,2,1.66,0.949
23,2,1.69,0.952
24,2,1.72,0.951
25,2,1.75,0.9515
26,2,1.78,0.9625
27,2,1.81,0.9595
28,2,1.8399999999999999,0.9525
29,2,1.87,0.9555
30,2,1.9,0.952
31,2,1.93,0.9495
32,2,1.96,0.9545
33,2,1.99,0.9595
34,2,2.02,0.9545
35,2,2.05,0.958
36,2,2.08,0.956
37,2,2.11,0.9565
38,2,2.1399999999999997,0.9515
39,2,2.17,0.9525
40,2,2.2,0.949
41,2,2.23,0.9555
42,2,2.26,0.957
43,2,2.29,0.957
44,2,2.32,0.947
45,2,2.3499999999999996,0.944
46,2,2.38,0.952
47,2,2.41,0.948
48,2,2.44,0.955
49,2,2.4699999999999998,0.9545
50,2,2.5,0.956
51,2,2.5300000000000002,0.9575
52,2,2.56,0.9485
53,2,2.59,0.954
54,2,2.62,0.941
55,2,2.65,0.953
56,2,2.6799999999999997,0.9535
57,2,2.71,0.9535
58,2,2.74,0.949
59,2,2.77,0.9535
60,2,2.8,0.955
61,2,2.83,0.9555
62,2,2.86,0.945
63,2,2.8899999999999997,0.9445
64,2,2.92,0.942
65,2,2.95,0.954
66,2,2.98,0.9525
67,2,3.01,0.95
68,2,3.04,0.953
69,2,3.07,0.9535
70,2,3.1,0.9485
71,2,3.13,0.959
72,2,3.16,0.952
73,2,3.19,0.9445
74,2,3.2199999999999998,0.9525
75,2,3.25,0.9545
76,2,3.28,0.9515
77,2,3.31,0.959
78,2,3.34,0.96
79,2,3.37,0.944
80,2,3.4,0.954
81,2,3.4299999999999997,0.948
82,2,3.46,0.9545
83,2,3.4899999999999998,0.9525
84,2,3.52,0.94
85,2,3.55,0.956
86,2,3.58,0.949
87,2,3.61,0.9395
88,2,3.6399999999999997,0.9475
89,2,3.67,0.9495
90,2,3.6999999999999997,0.946
91,2,3.73,0.9585
92,2,3.76,0.9515
93,2,3.79,0.945
94,2,3.82,0.945
95,2,3.85,0.9525
96,2,3.88,0.953
97,2,3.9099999999999997,0.942
98,2,3.94,0.954
99,2,3.9699999999999998,0.9445
100,2,4.0,0.947
101,2,4.029999999999999,0.9485
102,2,4.0600000000000005,0.9495
103,2,4.09,0.9505
104,2,4.12,0.9495
105,2,4.15,0.9505
106,2,4.18,0.9475
107,2,4.21,0.943
108,2,4.24,0.9485
109,2,4.27,0.9505
110,2,4.3,0.949
111,2,4.33,0.944
112,2,4.359999999999999,0.9515
113,2,4.39,0.948
114,2,4.42,0.9475
115,2,4.449999999999999,0.9495
116,2,4.48,0.9495
117,2,4.51,0.938
118,2,4.54,0.9515
119,2,4.57,0.955
120,2,4.6,0.946
121,2,4.63,0.9485
122,2,4.66,0.9375
123,2,4.6899999999999995,0.9525
124,2,4.72,0.942
125,2,4.75,0.949
126,2,4.779999999999999,0.9395
127,2,4.8100000000000005,0.94
128,2,4.84,0.9515
129,2,4.869999999999999,0.948
130,2,4.9,0.938
131,2,4.93,0.9445
132,2,4.96,0.945
133,2,4.99,0.9485
134,2,5.02,0.9475
135,2,5.05,0.9455
136,2,5.08,0.943
137,2,5.109999999999999,0.9405
138,2,5.14,0.9385
139,2,5.17,0.9545
140,2,5.2,0.9505
141,2,5.2299999999999995,0.951
142,2,5.26,0.949
143,2,5.29,0.9445
144,2,5.32,0.9455
145,2,5.35,0.948
146,2,5.38,0.95
147,2,5.41,0.946
148,2,5.4399999999999995,0.94
149,2,5.47,0.953
150,2,5.5,0.943
151,2,5.53,0.9405
152,2,5.56,0.949
153,2,5.59,0.949
154,2,5.62,0.9395
155,2,5.6499999999999995,0.9405
156,2,5.68,0.952
157,2,5.71,0.945
158,2,5.74,0.942
159,2,5.77,0.957
160,2,5.8,0.9505
161,2,5.83,0.9455
162,2,5.859999999999999,0.9395
163,2,5.89,0.952
164,2,5.92,0.935
165,2,5.95,0.9455
166,2,5.9799999999999995,0.949
167,2,6.01,0.9385
168,2,6.04,0.9435
169,2,6.069999999999999,0.951
170,2,6.1,0.939
171,2,6.13,0.942
172,2,6.16,0.941
173,2,6.1899999999999995,0.946
174,2,6.22,0.938
175,2,6.25,0.9405
176,2,6.279999999999999,0.9405
177,2,6.31,0.945
178,2,6.34,0.938
179,2,6.37,0.947
180,2,6.3999999999999995,0.939
181,2,6.43,0.943
182,2,6.46,0.946
183,2,6.49,0.9415
184,2,6.52,0.9395
185,2,6.55,0.945
186,2,6.58,0.938
187,2,6.609999999999999,0.9505
188,2,6.64,0.941
189,2,6.67,0.9355
190,2,6.7,0.9325
191,2,6.7299999999999995,0.9395
192,2,6.76,0.9435
193,2,6.79,0.943
194,2,6.819999999999999,0.946
195,2,6.85,0.9435
196,2,6.88,0.936
197,2,6.91,0.9345
198,2,6.9399999999999995,0.9405
199,2,6.97,0.9315
200,2,7.0,0.943
201,2,7.029999999999999,0.934
202,2,7.06,0.9495
203,2,7.09,0.948
204,2,7.12,0.9405
205,2,7.1499999999999995,0.94
206,2,7.18,0.943
207,2,7.21,0.9475
208,2,7.24,0.9385
209,2,7.27,0.9395
210,2,7.3,0.9385
211,2,7.33,0.9445
212,2,7.359999999999999,0.938
213,2,7.39,0.943
214,2,7.42,0.9355
215,2,7.45,0.945
216,2,7.4799999999999995,0.9305
217,2,7.51,0.9335
218,2,7.54,0.9375
219,2,7.569999999999999,0.936
220,2,7.6,0.941
221,2,7.63,0.9455
222,2,7.66,0.9365
223,2,7.6899999999999995,0.9335
224,2,7.72,0.9315
225,2,7.75,0.9485
226,2,7.779999999999999,0.933
227,2,7.81,0.94
228,2,7.84,0.9465
229,2,7.87,0.929
230,2,7.8999999999999995,0.938
231,2,7.93,0.9425
232,2,7.96,0.9325
233,2,7.989999999999999,0.9475
234,2,8.02,0.926
235,2,8.05,0.9355
236,2,8.08,0.9445
237,2,8.11,0.9415
238,2,8.14,0.9465
239,2,8.17,0.936
240,2,8.2,0.9375
241,2,8.23,0.9335
242,2,8.26,0.9365
243,2,8.29,0.932
244,2,8.32,0.931
245,2,8.35,0.9415
246,2,8.379999999999999,0.945
247,2,8.41,0.949
248,2,8.44,0.9305
249,2,8.469999999999999,0.939
250,2,8.5,0.925
251,2,8.53,0.938
252,2,8.559999999999999,0.9365
253,2,8.59,0.934
254,2,8.620000000000001,0.9325
255,2,8.649999999999999,0.9285
256,2,8.68,0.9355
257,2,8.71,0.9305
258,2,8.739999999999998,0.928
259,2,8.77,0.9375
260,2,8.8,0.933
261,2,8.83,0.9335
262,2,8.86,0.9385
263,2,8.89,0.93
264,2,8.92,0.935
265,2,8.95,0.931
266,2,8.98,0.935
267,2,9.01,0.9385
268,2,9.04,0.9295
269,2,9.07,0.9255
270,2,9.1,0.934
271,2,9.129999999999999,0.946
272,2,9.16,0.9315
273,2,9.19,0.9345
274,2,9.219999999999999,0.9225
275,2,9.25,0.9325
276,2,9.28,0.924
277,2,9.31,0.937
278,2,9.34,0.9355
279,2,9.37,0.928
280,2,9.4,0.934
281,2,9.43,0.927
282,2,9.459999999999999,0.931
283,2,9.49,0.9395
284,2,9.52,0.9395
285,2,9.549999999999999,0.9335
286,2,9.58,0.934
287,2,9.61,0.9325
288,2,9.64,0.9315
289,2,9.67,0.935
290,2,9.7,0.941
291,2,9.73,0.9505
292,2,9.76,0.9385
293,2,9.79,0.933
294,2,9.82,0.9325
295,2,9.85,0.931
296,2,9.879999999999999,0.921
297,2,9.91,0.936
298,2,9.94,0.909
299,2,9.969999999999999,0.9295
300,2,10.0,0.9365
301,2,10.03,0.9345
302,2,10.06,0.9315
303,2,10.09,0.9305
304,2,10.12,0.938
305,2,10.15,0.9325
306,2,10.18,0.9275
307,2,10.209999999999999,0.9315
308,2,10.24,0.928
309,2,10.27,0.934
310,2,10.299999999999999,0.9275
311,2,10.33,0.927
312,2,10.36,0.92
313,2,10.389999999999999,0.9255
314,2,10.42,0.928
315,2,10.45,0.918
316,2,10.48,0.915
317,2,10.51,0.9355
318,2,10.54,0.924
319,2,10.57,0.9225
320,2,10.6,0.9325
321,2,10.629999999999999,0.9385
322,2,10.66,0.922
323,2,10.69,0.9325
324,2,10.719999999999999,0.9315
325,2,10.75,0.9305
326,2,10.78,0.9275
327,2,10.81,0.9375
328,2,10.84,0.9185
329,2,10.87,0.92
330,2,10.9,0.9195
331,2,10.93,0.925
332,2,10.959999999999999,0.925
333,2,10.99,0.929
334,2,11.02,0.922
335,2,11.049999999999999,0.9345
336,2,11.08,0.929
337,2,11.11,0.937
338,2,11.139999999999999,0.9245
339,2,11.17,0.9195
340,2,11.2,0.914
341,2,11.23,0.935
342,2,11.26,0.9165
343,2,11.29,0.9245
344,2,11.32,0.9315
345,2,11.35,0.9265
346,2,11.379999999999999,0.936
347,2,11.41,0.9255
348,2,11.44,0.9155
349,2,11.469999999999999,0.923
350,2,11.5,0.928
351,2,11.53,0.93
352,2,11.559999999999999,0.933
353,2,11.59,0.925
354,2,11.62,0.9245
355,2,11.65,0.9295
356,2,11.68,0.9225
357,2,11.709999999999999,0.92
358,2,11.74,0.921
359,2,11.77,0.927
360,2,11.799999999999999,0.918
361,2,11.83,0.9315
362,2,11.86,0.917
363,2,11.889999999999999,0.924
364,2,11.92,0.931
365,2,11.95,0.926
366,2,11.98,0.9115
367,2,12.01,0.9185
368,2,12.04,0.922
369,2,12.07,0.9215
370,2,12.1,0.9245
371,2,12.129999999999999,0.9145
372,2,12.16,0.9185
373,2,12.19,0.92
374,2,12.219999999999999,0.918
375,2,12.25,0.9215
376,2,12.28,0.92
377,2,12.309999999999999,0.925
378,2,12.34,0.92
379,2,12.37,0.9095
380,2,12.4,0.9155
381,2,12.43,0.9205
382,2,12.459999999999999,0.917
383,2,12.49,0.922
384,2,12.52,0.9185
385,2,12.549999999999999,0.9195
386,2,12.58,0.919
387,2,12.61,0.92
388,2,12.639999999999999,0.9165
389,2,12.67,0.9135
390,2,12.7,0.9205
391,2,12.73,0.92
392,2,12.76,0.9175
393,2,12.79,0.9045
394,2,12.82,0.9205
395,2,12.85,0.9205
396,2,12.879999999999999,0.9035
397,2,12.91,0.92
398,2,12.94,0.9215
399,2,12.969999999999999,0.916
400,2,13.0,0.9135
401,2,13.03,0.9215
402,2,13.059999999999999,0.932
403,2,13.09,0.908
404,2,13.12,0.9215
405,2,13.15,0.922
406,2,13.18,0.918
407,2,13.209999999999999,0.9175
408,2,13.24,0.92
409,2,13.27,0.9095
410,2,13.299999999999999,0.9115
411,2,13.33,0.9235
412,2,13.36,0.917
413,2,13.389999999999999,0.919
414,2,13.42,0.9165
415,2,13.45,0.913
416,2,13.48,0.916
417,2,13.51,0.917
418,2,13.54,0.915
419,2,13.57,0.913
420,2,13.6,0.907
421,2,13.629999999999999,0.9145
422,2,13.66,0.9165
423,2,13.69,0.909
424,2,13.719999999999999,0.906
425,2,13.75,0.915
426,2,13.78,0.923
427,2,13.809999999999999,0.9155
428,2,13.84,0.9135
429,2,13.87,0.9235
430,2,13.9,0.9125
431,2,13.93,0.9095
432,2,13.959999999999999,0.916
433,2,13.99,0.904
434,2,14.02,0.922
435,2,14.049999999999999,0.9095
436,2,14.08,0.9045
437,2,14.11,0.9185
438,2,14.139999999999999,0.913
439,2,14.17,0.908
440,2,14.2,0.9045
441,2,14.229999999999999,0.923
442,2,14.26,0.917
443,2,14.29,0.904
444,2,14.32,0.9075
445,2,14.35,0.91
446,2,14.379999999999999,0.909
447,2,14.41,0.9145
448,2,14.44,0.9025
449,2,14.469999999999999,0.915
450,2,14.5,0.918
451,2,14.53,0.912
452,2,14.559999999999999,0.923
453,2,14.59,0.9165
454,2,14.62,0.921
455,2,14.65,0.9095
456,2,14.68,0.9215
457,2,14.709999999999999,0.908
458,2,14.74,0.91
459,2,14.77,0.9125
460,2,14.799999999999999,0.9215
461,2,14.83,0.913
462,2,14.86,0.915
463,2,14.889999999999999,0.907
464,2,14.92,0.904
465,2,14.95,0.9025
466,2,14.979999999999999,0.9025
467,2,15.01,0.9015
468,2,15.04,0.906
469,2,15.07,0.9175
470,2,15.1,0.9165
471,2,15.129999999999999,0.9005
472,2,15.16,0.9085
473,2,15.19,0.9075
474,2,15.219999999999999,0.903
475,2,15.25,0.9095
476,2,15.28,0.912
477,2,15.309999999999999,0.906
478,2,15.34,0.913
479,2,15.37,0.9095
480,2,15.399999999999999,0.9185
481,2,15.43,0.904
482,2,15.459999999999999,0.914
483,2,15.49,0.904
484,2,15.52,0.905
485,2,15.549999999999999,0.9215
486,2,15.58,0.9015
487,2,15.61,0.9175
488,2,15.639999999999999,0.9085
489,2,15.67,0.9215
490,2,15.7,0.9035
491,2,15.729999999999999,0.912
492,2,15.76,0.902
493,2,15.79,0.9105
494,2,15.82,0.9075
495,2,15.85,0.9165
496,2,15.879999999999999,0.8905
497,2,15.91,0.904
498,2,15.94,0.9
499,2,15.969999999999999,0.912
500,2,16.0,0.907
501,2,16.03,0.901
502,2,16.06,0.907
503,2,16.09,0.8975
504,2,16.119999999999997,0.9145
505,2,16.15,0.911
506,2,16.18,0.907
507,2,16.21,0.9115
508,2,16.240000000000002,0.9065
509,2,16.27,0.9005
510,2,16.299999999999997,0.901
511,2,16.33,0.9055
512,2,16.36,0.913
513,2,16.39,0.9055
514,2,16.42,0.903
515,2,16.45,0.912
516,2,16.479999999999997,0.903
517,2,16.509999999999998,0.913
518,2,16.54,0.909
519,2,16.57,0.896
520,2,16.6,0.9135
521,2,16.63,0.901
522,2,16.66,0.9045
523,2,16.689999999999998,0.8995
524,2,16.72,0.905
525,2,16.75,0.9035
526,2,16.78,0.9045
527,2,16.81,0.898
528,2,16.84,0.916
529,2,16.869999999999997,0.907
530,2,16.9,0.895
531,2,16.93,0.9055
532,2,16.96,0.896
533,2,16.990000000000002,0.899
534,2,17.02,0.895
535,2,17.05,0.9025
536,2,17.08,0.9105
537,2,17.11,0.9035
538,2,17.14,0.9055
539,2,17.169999999999998,0.908
540,2,17.2,0.91
541,2,17.23,0.909
542,2,17.259999999999998,0.9015
543,2,17.29,0.908
544,2,17.32,0.902
545,2,17.349999999999998,0.9
546,2,17.38,0.907
547,2,17.41,0.9055
548,2,17.439999999999998,0.903
549,2,17.47,0.903
550,2,17.5,0.896
551,2,17.53,0.897
552,2,17.56,0.902
553,2,17.59,0.8995
554,2,17.62,0.912
555,2,17.65,0.8955
556,2,17.68,0.909
557,2,17.71,0.896
558,2,17.74,0.9035
559,2,17.77,0.8965
560,2,17.8,0.8885
561,2,17.83,0.8965
562,2,17.86,0.899
563,2,17.89,0.9025
564,2,17.919999999999998,0.909
565,2,17.95,0.897
566,2,17.98,0.9065
567,2,18.009999999999998,0.899
568,2,18.04,0.887
569,2,18.07,0.8895
570,2,18.099999999999998,0.9105
571,2,18.13,0.904
572,2,18.16,0.902
573,2,18.189999999999998,0.8965
574,2,18.22,0.893
575,2,18.25,0.898
576,2,18.28,0.902
577,2,18.31,0.896
578,2,18.34,0.8865
579,2,18.37,0.898
580,2,18.4,0.8905
581,2,18.43,0.8915
582,2,18.46,0.898
583,2,18.49,0.8895
584,2,18.52,0.8985
585,2,18.55,0.8955
586,2,18.58,0.89
587,2,18.61,0.888
588,2,18.64,0.9
589,2,18.669999999999998,0.892
590,2,18.7,0.9065
591,2,18.73,0.8865
592,2,18.759999999999998,0.892
593,2,18.79,0.904
594,2,18.82,0.9
595,2,18.849999999999998,0.891
596,2,18.88,0.8945
597,2,18.91,0.8895
598,2,18.939999999999998,0.89
599,2,18.97,0.9005
600,2,19.0,0.899
601,2,19.029999999999998,0.8855
602,2,19.06,0.901
603,2,19.09,0.8935
604,2,19.12,0.903
605,2,19.15,0.8955
606,2,19.18,0.8905
607,2,19.21,0.8835
608,2,19.24,0.909
609,2,19.27,0.8905
610,2,19.3,0.901
611,2,19.33,0.902
612,2,19.36,0.8915
613,2,19.39,0.8965
614,2,19.419999999999998,0.8975
615,2,19.45,0.9005
616,2,19.48,0.8875
617,2,19.509999999999998,0.8915
618,2,19.54,0.885
619,2,19.57,0.9015
620,2,19.599999999999998,0.8865
621,2,19.63,0.8855
622,2,19.66,0.8905
623,2,19.689999999999998,0.891
624,2,19.72,0.887
625,2,19.75,0.8895
626,2,19.779999999999998,0.8895
627,2,19.81,0.8865
628,2,19.84,0.8875
629,2,19.87,0.8785
630,2,19.9,0.8875
631,2,19.93,0.887
632,2,19.96,0.89
633,2,19.99,0.8875
634,2,20.02,0.892
635,2,20.05,0.896
636,2,20.08,0.902
637,2,20.11,0.889
638,2,20.14,0.8865
639,2,20.169999999999998,0.9045
640,2,20.2,0.8965
641,2,20.23,0.892
642,2,20.259999999999998,0.8985
643,2,20.29,0.892
644,2,20.32,0.89
645,2,20.349999999999998,0.8885
646,2,20.38,0.8955
647,2,20.41,0.898
648,2,20.439999999999998,0.881
649,2,20.47,0.8865
650,2,20.5,0.8915
651,2,20.529999999999998,0.885
652,2,20.56,0.893
653,2,20.59,0.882
654,2,20.62,0.881
655,2,20.65,0.892
656,2,20.68,0.889
657,2,20.71,0.8945
658,2,20.74,0.8755
659,2,20.77,0.8825
660,2,20.8,0.892
661,2,20.83,0.8865
662,2,20.86,0.879
663,2,20.89,0.8915
664,2,20.919999999999998,0.8845
665,2,20.95,0.891
666,2,20.98,0.8865
667,2,21.009999999999998,0.884
668,2,21.04,0.8865
669,2,21.07,0.883
670,2,21.099999999999998,0.882
671,2,21.13,0.8875
672,2,21.16,0.9005
673,2,21.189999999999998,0.891
674,2,21.22,0.8715
675,2,21.25,0.8855
676,2,21.279999999999998,0.8795
677,2,21.31,0.883
678,2,21.34,0.8785
679,2,21.37,0.8945
680,2,21.4,0.881
681,2,21.43,0.881
682,2,21.46,0.8775
683,2,21.49,0.8745
684,2,21.52,0.8835
685,2,21.55,0.8935
686,2,21.58,0.89
687,2,21.61,0.8905
688,2,21.64,0.8855
689,2,21.669999999999998,0.899
690,2,21.7,0.874
691,2,21.73,0.876
692,2,21.759999999999998,0.8945
693,2,21.79,0.8955
694,2,21.82,0.8845
695,2,21.849999999999998,0.9005
696,2,21.88,0.885
697,2,21.91,0.8805
698,2,21.939999999999998,0.8805
699,2,21.97,0.8745
700,2,22.0,0.88
701,2,22.029999999999998,0.8785
702,2,22.06,0.883
703,2,22.09,0.8835
704,2,22.119999999999997,0.872
705,2,22.15,0.878
706,2,22.18,0.8965
707,2,22.21,0.8655
708,2,22.24,0.89
709,2,22.27,0.8825
710,2,22.3,0.8895
711,2,22.33,0.886
712,2,22.36,0.895
713,2,22.39,0.8735
714,2,22.419999999999998,0.8795
715,2,22.45,0.8795
716,2,22.48,0.883
717,2,22.509999999999998,0.8835
718,2,22.54,0.8765
719,2,22.57,0.8895
720,2,22.599999999999998,0.867
721,2,22.63,0.881
722,2,22.66,0.8815
723,2,22.689999999999998,0.878
724,2,22.72,0.889
725,2,22.75,0.8825
726,2,22.779999999999998,0.883
727,2,22.81,0.861
728,2,22.84,0.877
729,2,22.869999999999997,0.882
730,2,22.9,0.888
731,2,22.93,0.8865
732,2,22.96,0.8695
733,2,22.99,0.8825
734,2,23.02,0.8765
735,2,23.05,0.885
736,2,23.08,0.883
737,2,23.11,0.8705
738,2,23.14,0.8805
739,2,23.169999999999998,0.889
740,2,23.2,0.879
741,2,23.23,0.8775
742,2,23.259999999999998,0.8855
743,2,23.29,0.876
744,2,23.32,0.8715
745,2,23.349999999999998,0.875
746,2,23.38,0.8915
747,2,23.41,0.8885
748,2,23.439999999999998,0.8785
749,2,23.47,0.888
750,2,23.5,0.869
751,2,23.529999999999998,0.884
752,2,23.56,0.8695
753,2,23.59,0.89
754,2,23.619999999999997,0.8785
755,2,23.65,0.875
756,2,23.68,0.8785
757,2,23.71,0.877
758,2,23.74,0.874
759,2,23.77,0.868
760,2,23.8,0.8765
761,2,23.83,0.8785
762,2,23.86,0.8765
763,2,23.89,0.8705
764,2,23.919999999999998,0.8715
765,2,23.95,0.87
766,2,23.98,0.8715
767,2,24.009999999999998,0.882
768,2,24.04,0.8715
769,2,24.07,0.8865
770,2,24.099999999999998,0.8765
771,2,24.13,0.876
772,2,24.16,0.884
773,2,24.189999999999998,0.8725
774,2,24.22,0.872
775,2,24.25,0.876
776,2,24.279999999999998,0.8685
777,2,24.31,0.8845
778,2,24.34,0.871
779,2,24.369999999999997,0.87
780,2,24.4,0.8775
781,2,24.43,0.858
782,2,24.46,0.8745
783,2,24.49,0.872
784,2,24.52,0.8655
785,2,24.55,0.8745
786,2,24.58,0.8725
787,2,24.61,0.8865
788,2,24.64,0.8755
789,2,24.669999999999998,0.8705
790,2,24.7,0.8835
791,2,24.73,0.8775
792,2,24.759999999999998,0.873
793,2,24.79,0.8755
794,2,24.82,0.8785
795,2,24.849999999999998,0.8775
796,2,24.88,0.862
797,2,24.91,0.8815
798,2,24.939999999999998,0.8635
799,2,24.97,0.8665
800,2,25.0,0.887
801,2,25.029999999999998,0.8735
802,2,25.06,0.8535
803,2,25.09,0.8745
804,2,25.119999999999997,0.868
805,2,25.15,0.8715
806,2,25.18,0.8615
807,2,25.21,0.864
808,2,25.24,0.856
809,2,25.27,0.871
810,2,25.3,0.8565
811,2,25.33,0.877
812,2,25.36,0.8765
813,2,25.39,0.882
814,2,25.419999999999998,0.875
815,2,25.45,0.8675
816,2,25.48,0.8605
817,2,25.509999999999998,0.877
818,2,25.54,0.8785
819,2,25.57,0.859
820,2,25.599999999999998,0.8555
821,2,25.63,0.8625
822,2,25.66,0.865
823,2,25.689999999999998,0.866
824,2,25.72,0.882
825,2,25.75,0.8645
826,2,25.779999999999998,0.8775
827,2,25.81,0.8675
828,2,25.84,0.848
829,2,25.869999999999997,0.87
830,2,25.9,0.862
831,2,25.93,0.8715
832,2,25.96,0.8645
833,2,25.99,0.863
834,2,26.02,0.869
835,2,26.05,0.88
836,2,26.08,0.865
837,2,26.11,0.867
838,2,26.14,0.869
839,2,26.169999999999998,0.8755
840,2,26.2,0.864
841,2,26.23,0.8765
842,2,26.259999999999998,0.862
843,2,26.29,0.8595
844,2,26.32,0.874
845,2,26.349999999999998,0.868
846,2,26.38,0.863
847,2,26.41,0.864
848,2,26.439999999999998,0.8645
849,2,26.47,0.871
850,2,26.5,0.8735
851,2,26.529999999999998,0.8655
852,2,26.56,0.8685
853,2,26.59,0.861
854,2,26.619999999999997,0.8595
855,2,26.65,0.876
856,2,26.68,0.8745
857,2,26.709999999999997,0.872
858,2,26.74,0.8625
859,2,26.77,0.8705
860,2,26.8,0.8685
861,2,26.83,0.878
862,2,26.86,0.8785
863,2,26.89,0.858
864,2,26.919999999999998,0.876
865,2,26.95,0.8585
866,2,26.98,0.8535
867,2,27.009999999999998,0.864
868,2,27.04,0.8625
869,2,27.07,0.853
870,2,27.099999999999998,0.8615
871,2,27.13,0.86
872,2,27.16,0.862
873,2,27.189999999999998,0.858
874,2,27.22,0.871
875,2,27.25,0.868
876,2,27.279999999999998,0.8695
877,2,27.31,0.866
878,2,27.34,0.854
879,2,27.369999999999997,0.856
880,2,27.4,0.8675
881,2,27.43,0.861
882,2,27.459999999999997,0.8565
883,2,27.49,0.8645
884,2,27.52,0.867
885,2,27.55,0.8685
886,2,27.58,0.8705
887,2,27.61,0.8725
888,2,27.64,0.8595
889,2,27.669999999999998,0.866
890,2,27.7,0.8725
891,2,27.73,0.8605
892,2,27.759999999999998,0.867
893,2,27.79,0.8615
894,2,27.82,0.8655
895,2,27.849999999999998,0.8665
896,2,27.88,0.865
897,2,27.91,0.862
898,2,27.939999999999998,0.8685
899,2,27.97,0.8595
900,2,28.0,0.8715
901,2,28.029999999999998,0.8705
902,2,28.06,0.858
903,2,28.09,0.8505
904,2,28.119999999999997,0.867
905,2,28.15,0.8645
906,2,28.18,0.8605
907,2,28.209999999999997,0.854
908,2,28.24,0.8455
909,2,28.27,0.864
910,2,28.3,0.8585
911,2,28.33,0.8555
912,2,28.36,0.8625
913,2,28.39,0.864
914,2,28.419999999999998,0.8575
915,2,28.45,0.8515
916,2,28.48,0.851
917,2,28.509999999999998,0.8635
918,2,28.54,0.864
919,2,28.57,0.851
920,2,28.599999999999998,0.8665
921,2,28.63,0.858
922,2,28.66,0.86
923,2,28.689999999999998,0.854
924,2,28.72,0.8565
925,2,28.75,0.858
926,2,28.779999999999998,0.853
927,2,28.81,0.8585
928,2,28.84,0.863
929,2,28.869999999999997,0.8575
930,2,28.9,0.8665
931,2,28.93,0.8525
932,2,28.959999999999997,0.851
933,2,28.99,0.8545
934,2,29.02,0.861
935,2,29.05,0.8615
936,2,29.08,0.8465
937,2,29.11,0.858
938,2,29.14,0.8545
939,2,29.169999999999998,0.867
940,2,29.2,0.859
941,2,29.23,0.859
942,2,29.259999999999998,0.8555
943,2,29.29,0.847
944,2,29.32,0.8495
945,2,29.349999999999998,0.8585
946,2,29.38,0.8465
947,2,29.41,0.8535
948,2,29.439999999999998,0.838
949,2,29.47,0.852
950,2,29.5,0.843
951,2,29.529999999999998,0.849
952,2,29.56,0.8565
953,2,29.59,0.8485
954,2,29.619999999999997,0.846
955,2,29.65,0.8555
956,2,29.68,0.855
957,2,29.709999999999997,0.8505
958,2,29.74,0.864
959,2,29.77,0.86
960,2,29.799999999999997,0.866
961,2,29.83,0.857
962,2,29.86,0.866
963,2,29.89,0.8465
964,2,29.919999999999998,0.864
965,2,29.95,0.851
966,2,29.98,0.856
967,2,30.009999999999998,0.857
968,2,30.04,0.852
969,2,30.07,0.863
970,2,30.099999999999998,0.854
971,2,30.13,0.8535
972,2,30.16,0.858
973,2,30.189999999999998,0.8675
974,2,30.22,0.8425
975,2,30.25,0.8525
976,2,30.279999999999998,0.842
977,2,30.31,0.8465
978,2,30.34,0.8485
979,2,30.369999999999997,0.8705
980,2,30.4,0.852
981,2,30.43,0.845
982,2,30.459999999999997,0.8595
983,2,30.49,0.8565
984,2,30.52,0.8325
985,2,30.549999999999997,0.8645
986,2,30.58,0.8625
987,2,30.61,0.8475
988,2,30.64,0.842
989,2,30.669999999999998,0.836
990,2,30.7,0.845
991,2,30.73,0.854
992,2,30.759999999999998,0.843
993,2,30.79,0.85
994,2,30.82,0.8645
995,2,30.849999999999998,0.851
996,2,30.88,0.84
997,2,30.91,0.855
998,2,30.939999999999998,0.861
999,2,30.97,0.849
1000,10,1.0,0.841
1001,10,1.03,0.84
1002,10,1.06,0.8415
1003,10,1.09,0.8475
1004,10,1.12,0.8405
1005,10,1.15,0.8405
1006,10,1.18,0.8375
1007,10,1.21,0.834
1008,10,1.24,0.8355
1009,10,1.27,0.8375
1010,10,1.3,0.8365
1011,10,1.33,0.834
1012,10,1.3599999999999999,0.8385
1013,10,1.3900000000000001,0.838
1014,10,1.42,0.824
1015,10,1.45,0.83
1016,10,1.48,0.8485
1017,10,1.51,0.836
1018,10,1.54,0.835
1019,10,1.5699999999999998,0.845
1020,10,1.6,0.8285
1021,10,1.63,0.826
1022,10,1.66,0.826
1023,10,1.69,0.834
1024,10,1.72,0.837
1025,10,1.75,0.8455
1026,10,1.78,0.844
1027,10,1.81,0.8235
1028,10,1.8399999999999999,0.8265
1029,10,1.87,0.8295
1030,10,1.9,0.829
1031,10,1.93,0.8355
1032,10,1.96,0.833
1033,10,1.99,0.8295
1034,10,2.02,0.838
1035,10,2.05,0.828
1036,10,2.08,0.8405
1037,10,2.11,0.831
1038,10,2.1399999999999997,0.8345
1039,10,2.17,0.8335
1040,10,2.2,0.8135
1041,10,2.23,0.8215
1042,10,2.26,0.8195
1043,10,2.29,0.8265
1044,10,2.32,0.802
1045,10,2.3499999999999996,0.8055
1046,10,2.38,0.8295
1047,10,2.41,0.82
1048,10,2.44,0.8225
1049,10,2.4699999999999998,0.833
1050,10,2.5,0.8155
1051,10,2.5300000000000002,0.8155
1052,10,2.56,0.818
1053,10,2.59,0.8
1054,10,2.62,0.815
1055,10,2.65,0.822
1056,10,2.6799999999999997,0.8225
1057,10,2.71,0.812
1058,10,2.74,0.8205
1059,10,2.77,0.83
1060,10,2.8,0.798
1061,10,2.83,0.8145
1062,10,2.86,0.8105
1063,10,2.8899999999999997,0.8195
1064,10,2.92,0.7985
1065,10,2.95,0.808
1066,10,2.98,0.8095
1067,10,3.01,0.824
1068,10,3.04,0.792
1069,10,3.07,0.8025
1070,10,3.1,0.7985
1071,10,3.13,0.799
1072,10,3.16,0.8175
1073,10,3.19,0.8065
1074,10,3.2199999999999998,0.814
1075,10,3.25,0.8155
1076,10,3.28,0.7925
1077,10,3.31,0.807
1078,10,3.34,0.8
1079,10,3.37,0.8035
1080,10,3.4,0.794
1081,10,3.4299999999999997,0.7975
1082,10,3.46,0.779
1083,10,3.4899999999999998,0.8005
1084,10,3.52,0.794
1085,10,3.55,0.795
1086,10,3.58,0.7915
1087,10,3.61,0.7895
1088,10,3.6399999999999997,0.792
1089,10,3.67,0.7855
1090,10,3.6999999999999997,0.7915
1091,10,3.73,0.787
1092,10,3.76,0.8
1093,10,3.79,0.7615
1094,10,3.82,0.7815
1095,10,3.85,0.801
1096,10,3.88,0.786
1097,10,3.9099999999999997,0.77
1098,10,3.94,0.7785
1099,10,3.9699999999999998,0.787
1100,10,4.0,0.7845
1101,10,4.029999999999999,0.793
1102,10,4.0600000000000005,0.785
1103,10,4.09,0.78
1104,10,4.12,0.781
1105,10,4.15,0.783
1106,10,4.18,0.789
1107,10,4.21,0.7775
1108,10,4.24,0.787
1109,10,4.27,0.7735
1110,10,4.3,0.779
1111,10,4.33,0.768
1112,10,4.359999999999999,0.7675
1113,10,4.39,0.783
1114,10,4.42,0.785
1115,10,4.449999999999999,0.7735
1116,10,4.48,0.7825
1117,10,4.51,0.7695
1118,10,4.54,0.7605
1119,10,4.57,0.758
1120,10,4.6,0.767
1121,10,4.63,0.771
1122,10,4.66,0.77
1123,10,4.6899999999999995,0.762
1124,10,4.72,0.776
1125,10,4.75,0.7535
1126,10,4.779999999999999,0.768
1127,10,4.8100000000000005,0.7655
1128,10,4.84,0.7695
1129,10,4.869999999999999,0.756
1130,10,4.9,0.7685
1131,10,4.93,0.778
1132,10,4.96,0.7485
1133,10,4.99,0.761
1134,10,5.02,0.766
1135,10,5.05,0.7645
1136,10,5.08,0.756
1137,10,5.109999999999999,0.7445
1138,10,5.14,0.7575
1139,10,5.17,0.768
1140,10,5.2,0.743
1141,10,5.2299999999999995,0.758
1142,10,5.26,0.768
1143,10,5.29,0.7455
1144,10,5.32,0.7665
1145,10,5.35,0.7365
1146,10,5.38,0.744
1147,10,5.41,0.7565
1148,10,5.4399999999999995,0.7455
1149,10,5.47,0.735
1150,10,5.5,0.7525
1151,10,5.53,0.743
1152,10,5.56,0.748
1153,10,5.59,0.7405
1154,10,5.62,0.7545
1155,10,5.6499999999999995,0.7415
1156,10,5.68,0.732
1157,10,5.71,0.7495
1158,10,5.74,0.7525
1159,10,5.77,0.727
1160,10,5.8,0.743
1161,10,5.83,0.728
1162,10,5.859999999999999,0.728
1163,10,5.89,0.729
1164,10,5.92,0.735
1165,10,5.95,0.7525
1166,10,5.9799999999999995,0.733
1167,10,6.01,0.7445
1168,10,6.04,0.735
1169,10,6.069999999999999,0.7425
1170,10,6.1,0.7395
1171,10,6.13,0.714
1172,10,6.16,0.743
1173,10,6.1899999999999995,0.7335
1174,10,6.22,0.7295
1175,10,6.25,0.74
1176,10,6.279999999999999,0.737
1177,10,6.31,0.718
1178,10,6.34,0.72
1179,10,6.37,0.7305
1180,10,6.3999999999999995,0.744
1181,10,6.43,0.715
1182,10,6.46,0.7245
1183,10,6.49,0.7235
1184,10,6.52,0.731
1185,10,6.55,0.713
1186,10,6.58,0.73
1187,10,6.609999999999999,0.7215
1188,10,6.64,0.717
1189,10,6.67,0.721
1190,10,6.7,0.7115
1191,10,6.7299999999999995,0.7265
1192,10,6.76,0.7265
1193,10,6.79,0.709
1194,10,6.819999999999999,0.72
1195,10,6.85,0.7115
1196,10,6.88,0.7015
1197,10,6.91,0.7205
1198,10,6.9399999999999995,0.7085
1199,10,6.97,0.7165
1200,10,7.0,0.7105
1201,10,7.029999999999999,0.7035
1202,10,7.06,0.6975
1203,10,7.09,0.701
1204,10,7.12,0.717
1205,10,7.1499999999999995,0.7205
1206,10,7.18,0.7065
1207,10,7.21,0.7035
1208,10,7.24,0.697
1209,10,7.27,0.693
1210,10,7.3,0.6925
1211,10,7.33,0.712
1212,10,7.359999999999999,0.7075
1213,10,7.39,0.7115
1214,10,7.42,0.692
1215,10,7.45,0.7005
1216,10,7.4799999999999995,0.694
1217,10,7.51,0.699
1218,10,7.54,0.709
1219,10,7.569999999999999,0.695
1220,10,7.6,0.68
1221,10,7.63,0.6975
1222,10,7.66,0.706
1223,10,7.6899999999999995,0.6905
1224,10,7.72,0.7035
1225,10,7.75,0.688
1226,10,7.779999999999999,0.6975
1227,10,7.81,0.701
1228,10,7.84,0.6955
1229,10,7.87,0.6855
1230,10,7.8999999999999995,0.6975
1231,10,7.93,0.705
1232,10,7.96,0.6915
1233,10,7.989999999999999,0.693
1234,10,8.02,0.682
1235,10,8.05,0.7105
1236,10,8.08,0.695
1237,10,8.11,0.6825
1238,10,8.14,0.6815
1239,10,8.17,0.6785
1240,10,8.2,0.686
1241,10,8.23,0.686
1242,10,8.26,0.6805
1243,10,8.29,0.6815
1244,10,8.32,0.693
1245,10,8.35,0.687
1246,10,8.379999999999999,0.674
1247,10,8.41,0.6835
1248,10,8.44,0.687
1249,10,8.469999999999999,0.6895
1250,10,8.5,0.668
1251,10,8.53,0.6755
1252,10,8.559999999999999,0.6845
1253,10,8.59,0.687
1254,10,8.620000000000001,0.6775
1255,10,8.649999999999999,0.6585
1256,10,8.68,0.703
1257,10,8.71,0.6785
1258,10,8.739999999999998,0.674
1259,10,8.77,0.6855
1260,10,8.8,0.6755
1261,10,8.83,0.683
1262,10,8.86,0.6585
1263,10,8.89,0.679
1264,10,8.92,0.674
1265,10,8.95,0.6805
1266,10,8.98,0.6705
1267,10,9.01,0.668
1268,10,9.04,0.682
1269,10,9.07,0.674
1270,10,9.1,0.671
1271,10,9.129999999999999,0.659
1272,10,9.16,0.669
1273,10,9.19,0.667
1274,10,9.219999999999999,0.668
1275,10,9.25,0.659
1276,10,9.28,0.671
1277,10,9.31,0.681
1278,10,9.34,0.6615
1279,10,9.37,0.6635
1280,10,9.4,0.657
1281,10,9.43,0.661
1282,10,9.459999999999999,0.6325
1283,10,9.49,0.6685
1284,10,9.52,0.657
1285,10,9.549999999999999,0.6735
1286,10,9.58,0.663
1287,10,9.61,0.652
1288,10,9.64,0.676
1289,10,9.67,0.6455
1290,10,9.7,0.65
1291,10,9.73,0.664
1292,10,9.76,0.653
1293,10,9.79,0.639
1294,10,9.82,0.665
1295,10,9.85,0.642
1296,10,9.879999999999999,0.6585
1297,10,9.91,0.6655
1298,10,9.94,0.653
1299,10,9.969999999999999,0.645
1300,10,10.0,0.6575
1301,10,10.03,0.641
1302,10,10.06,0.645
1303,10,10.09,0.6525
1304,10,10.12,0.645
1305,10,10.15,0.65
1306,10,10.18,0.647
1307,10,10.209999999999999,0.6515
1308,10,10.24,0.6435
1309,10,10.27,0.667
1310,10,10.299999999999999,0.6545
1311,10,10.33,0.636
1312,10,10.36,0.631
1313,10,10.389999999999999,0.664
1314,10,10.42,0.634
1315,10,10.45,0.646
1316,10,10.48,0.6605
1317,10,10.51,0.6445
1318,10,10.54,0.6315
1319,10,10.57,0.6535
1320,10,10.6,0.6415
1321,10,10.629999999999999,0.642
1322,10,10.66,0.638
1323,10,10.69,0.66
1324,10,10.719999999999999,0.6345
1325,10,10.75,0.624
1326,10,10.78,0.63
1327,10,10.81,0.6215
1328,10,10.84,0.643
1329,10,10.87,0.6455
1330,10,10.9,0.6335
1331,10,10.93,0.6375
1332,10,10.959999999999999,0.629
1333,10,10.99,0.657
1334,10,11.02,0.6435
1335,10,11.049999999999999,0.618
1336,10,11.08,0.643
1337,10,11.11,0.6365
1338,10,11.139999999999999,0.633
1339,10,11.17,0.6255
1340,10,11.2,0.6405
1341,10,11.23,0.643
1342,10,11.26,0.645
1343,10,11.29,0.6365
1344,10,11.32,0.6125
1345,10,11.35,0.625
1346,10,11.379999999999999,0.651
1347,10,11.41,0.6305
1348,10,11.44,0.6455
1349,10,11.469999999999999,0.632
1350,10,11.5,0.6385
1351,10,11.53,0.607
1352,10,11.559999999999999,0.6245
1353,10,11.59,0.614
1354,10,11.62,0.637
1355,10,11.65,0.6375
1356,10,11.68,0.6295
1357,10,11.709999999999999,0.621
1358,10,11.74,0.622
1359,10,11.77,0.637
1360,10,11.799999999999999,0.6325
1361,10,11.83,0.6325
1362,10,11.86,0.6225
1363,10,11.889999999999999,0.6105
1364,10,11.92,0.62
1365,10,11.95,0.631
1366,10,11.98,0.6285
1367,10,12.01,0.6195
1368,10,12.04,0.61
1369,10,12.07,0.6355
1370,10,12.1,0.6085
1371,10,12.129999999999999,0.5985
1372,10,12.16,0.6195
1373,10,12.19,0.6095
1374,10,12.219999999999999,0.61
1375,10,12.25,0.6195
1376,10,12.28,0.6125
1377,10,12.309999999999999,0.6245
1378,10,12.34,0.6085
1379,10,12.37,0.6445
1380,10,12.4,0.6105
1381,10,12.43,0.5975
1382,10,12.459999999999999,0.599
1383,10,12.49,0.603
1384,10,12.52,0.621
1385,10,12.549999999999999,0.613
1386,10,12.58,0.6115
1387,10,12.61,0.614
1388,10,12.639999999999999,0.6065
1389,10,12.67,0.623
1390,10,12.7,0.608
1391,10,12.73,0.597
1392,10,12.76,0.601
1393,10,12.79,0.61
1394,10,12.82,0.6
1395,10,12.85,0.608
1396,10,12.879999999999999,0.619
1397,10,12.91,0.619
1398,10,12.94,0.587
1399,10,12.969999999999999,0.578
1400,10,13.0,0.5975
1401,10,13.03,0.6095
1402,10,13.059999999999999,0.616
1403,10,13.09,0.608
1404,10,13.12,0.5995
1405,10,13.15,0.6015
1406,10,13.18,0.5915
1407,10,13.209999999999999,0.611
1408,10,13.24,0.6
1409,10,13.27,0.6185
1410,10,13.299999999999999,0.613
1411,10,13.33,0.5945
1412,10,13.36,0.605
1413,10,13.389999999999999,0.5955
1414,10,13.42,0.594
1415,10,13.45,0.592
1416,10,13.48,0.596
1417,10,13.51,0.589
1418,10,13.54,0.576
1419,10,13.57,0.6
1420,10,13.6,0.601
1421,10,13.629999999999999,0.5985
1422,10,13.66,0.589
1423,10,13.69,0.5965
1424,10,13.719999999999999,0.616
1425,10,13.75,0.598
1426,10,13.78,0.6045
1427,10,13.809999999999999,0.5895
1428,10,13.84,0.5755
1429,10,13.87,0.5845
1430,10,13.9,0.5795
1431,10,13.93,0.588
1432,10,13.959999999999999,0.591
1433,10,13.99,0.5815
1434,10,14.02,0.606
1435,10,14.049999999999999,0.5875
1436,10,14.08,0.586
1437,10,14.11,0.573
1438,10,14.139999999999999,0.604
1439,10,14.17,0.5975
1440,10,14.2,0.5745
1441,10,14.229999999999999,0.588
1442,10,14.26,0.578
1443,10,14.29,0.5985
1444,10,14.32,0.588
1445,10,14.35,0.5635
1446,10,14.379999999999999,0.579
1447,10,14.41,0.6065
1448,10,14.44,0.5905
1449,10,14.469999999999999,0.585
1450,10,14.5,0.5775
1451,10,14.53,0.5705
1452,10,14.559999999999999,0.606
1453,10,14.59,0.6015
1454,10,14.62,0.57
1455,10,14.65,0.5695
1456,10,14.68,0.5635
1457,10,14.709999999999999,0.575
1458,10,14.74,0.597
1459,10,14.77,0.5815
1460,10,14.799999999999999,0.5865
1461,10,14.83,0.5705
1462,10,14.86,0.5615
1463,10,14.889999999999999,0.582
1464,10,14.92,0.5755
1465,10,14.95,0.5775
1466,10,14.979999999999999,0.577
1467,10,15.01,0.573
1468,10,15.04,0.5815
1469,10,15.07,0.5785
1470,10,15.1,0.5675
1471,10,15.129999999999999,0.575
1472,10,15.16,0.575
1473,10,15.19,0.567
1474,10,15.219999999999999,0.565
1475,10,15.25,0.584
1476,10,15.28,0.5675
1477,10,15.309999999999999,0.568
1478,10,15.34,0.5695
1479,10,15.37,0.5735
1480,10,15.399999999999999,0.5865
1481,10,15.43,0.56
1482,10,15.459999999999999,0.58
1483,10,15.49,0.5725
1484,10,15.52,0.5675
1485,10,15.549999999999999,0.554
1486,10,15.58,0.577
1487,10,15.61,0.567
1488,10,15.639999999999999,0.5595
1489,10,15.67,0.579
1490,10,15.7,0.552
1491,10,15.729999999999999,0.578
1492,10,15.76,0.561
1493,10,15.79,0.5615
1494,10,15.82,0.565
1495,10,15.85,0.5595
1496,10,15.879999999999999,0.558
1497,10,15.91,0.565
1498,10,15.94,0.573
1499,10,15.969999999999999,0.5895
1500,10,16.0,0.5745
1501,10,16.03,0.5655
1502,10,16.06,0.557
1503,10,16.09,0.5735
1504,10,16.119999999999997,0.5685
1505,10,16.15,0.5765
1506,10,16.18,0.556
1507,10,16.21,0.565
1508,10,16.240000000000002,0.5715
1509,10,16.27,0.5625
1510,10,16.299999999999997,0.527
1511,10,16.33,0.546
1512,10,16.36,0.5735
1513,10,16.39,0.5465
1514,10,16.42,0.5515
1515,10,16.45,0.5875
1516,10,16.479999999999997,0.5655
1517,10,16.509999999999998,0.5645
1518,10,16.54,0.549
1519,10,16.57,0.5475
1520,10,16.6,0.543
1521,10,16.63,0.569
1522,10,16.66,0.534
1523,10,16.689999999999998,0.5595
1524,10,16.72,0.5735
1525,10,16.75,0.575
1526,10,16.78,0.572
1527,10,16.81,0.535
1528,10,16.84,0.552
1529,10,16.869999999999997,0.576
1530,10,16.9,0.5545
1531,10,16.93,0.552
1532,10,16.96,0.5635
1533,10,16.990000000000002,0.543
1534,10,17.02,0.562
1535,10,17.05,0.574
1536,10,17.08,0.549
1537,10,17.11,0.5355
1538,10,17.14,0.5645
1539,10,17.169999999999998,0.5475
1540,10,17.2,0.556
1541,10,17.23,0.5445
1542,10,17.259999999999998,0.54
1543,10,17.29,0.5485
1544,10,17.32,0.5405
1545,10,17.349999999999998,0.553
1546,10,17.38,0.543
1547,10,17.41,0.551
1548,10,17.439999999999998,0.559
1549,10,17.47,0.57
1550,10,17.5,0.559
1551,10,17.53,0.5325
1552,10,17.56,0.5405
1553,10,17.59,0.5535
1554,10,17.62,0.5325
1555,10,17.65,0.573
1556,10,17.68,0.513
1557,10,17.71,0.529
1558,10,17.74,0.5365
1559,10,17.77,0.5355
1560,10,17.8,0.5515
1561,10,17.83,0.5385
1562,10,17.86,0.55
1563,10,17.89,0.5435
1564,10,17.919999999999998,0.5495
1565,10,17.95,0.5415
1566,10,17.98,0.5785
1567,10,18.009999999999998,0.545
1568,10,18.04,0.539
1569,10,18.07,0.535
1570,10,18.099999999999998,0.56
1571,10,18.13,0.5565
1572,10,18.16,0.506
1573,10,18.189999999999998,0.525
1574,10,18.22,0.5265
1575,10,18.25,0.542
1576,10,18.28,0.5385
1577,10,18.31,0.5525
1578,10,18.34,0.5165
1579,10,18.37,0.5365
1580,10,18.4,0.5425
1581,10,18.43,0.5325
1582,10,18.46,0.5335
1583,10,18.49,0.5425
1584,10,18.52,0.5405
1585,10,18.55,0.519
1586,10,18.58,0.55
1587,10,18.61,0.5235
1588,10,18.64,0.5365
1589,10,18.669999999999998,0.523
1590,10,18.7,0.526
1591,10,18.73,0.53
1592,10,18.759999999999998,0.534
1593,10,18.79,0.532
1594,10,18.82,0.549
1595,10,18.849999999999998,0.5385
1596,10,18.88,0.542
1597,10,18.91,0.539
1598,10,18.939999999999998,0.5435
1599,10,18.97,0.519
1600,10,19.0,0.526
1601,10,19.029999999999998,0.533
1602,10,19.06,0.528
1603,10,19.09,0.515
1604,10,19.12,0.52
1605,10,19.15,0.517
1606,10,19.18,0.537
1607,10,19.21,0.5345
1608,10,19.24,0.5095
1609,10,19.27,0.5345
1610,10,19.3,0.5395
1611,10,19.33,0.511
1612,10,19.36,0.516
1613,10,19.39,0.5355
1614,10,19.419999999999998,0.5185
1615,10,19.45,0.521
1616,10,19.48,0.5335
1617,10,19.509999999999998,0.5205
1618,10,19.54,0.522
1619,10,19.57,0.535
1620,10,19.599999999999998,0.523
1621,10,19.63,0.519
1622,10,19.66,0.534
1623,10,19.689999999999998,0.531
1624,10,19.72,0.52
1625,10,19.75,0.515
1626,10,19.779999999999998,0.5245
1627,10,19.81,0.527
1628,10,19.84,0.52
1629,10,19.87,0.511
1630,10,19.9,0.527
1631,10,19.93,0.531
1632,10,19.96,0.5075
1633,10,19.99,0.52
1634,10,20.02,0.5145
1635,10,20.05,0.509
1636,10,20.08,0.504
1637,10,20.11,0.5285
1638,10,20.14,0.5255
1639,10,20.169999999999998,0.532
1640,10,20.2,0.5055
1641,10,20.23,0.5375
1642,10,20.259999999999998,0.5395
1643,10,20.29,0.529
1644,10,20.32,0.4995
1645,10,20.349999999999998,0.5265
1646,10,20.38,0.5075
1647,10,20.41,0.5215
1648,10,20.439999999999998,0.5195
1649,10,20.47,0.533
1650,10,20.5,0.518
1651,10,20.529999999999998,0.514
1652,10,20.56,0.5165
1653,10,20.59,0.509
1654,10,20.62,0.5035
1655,10,20.65,0.5145
1656,10,20.68,0.512
1657,10,20.71,0.509
1658,10,20.74,0.5255
1659,10,20.77,0.5025
1660,10,20.8,0.5355
1661,10,20.83,0.5095
1662,10,20.86,0.5135
1663,10,20.89,0.5115
1664,10,20.919999999999998,0.508
1665,10,20.95,0.513
1666,10,20.98,0.522
1667,10,21.009999999999998,0.5095
1668,10,21.04,0.5285
1669,10,21.07,0.491
1670,10,21.099999999999998,0.489
1671,10,21.13,0.501
1672,10,21.16,0.5085
1673,10,21.189999999999998,0.5175
1674,10,21.22,0.5155
1675,10,21.25,0.514
1676,10,21.279999999999998,0.504
1677,10,21.31,0.5225
1678,10,21.34,0.54
1679,10,21.37,0.522
1680,10,21.4,0.508
1681,10,21.43,0.4945
1682,10,21.46,0.525
1683,10,21.49,0.508
1684,10,21.52,0.492
1685,10,21.55,0.5055
1686,10,21.58,0.525
1687,10,21.61,0.5095
1688,10,21.64,0.524
1689,10,21.669999999999998,0.491
1690,10,21.7,0.5085
1691,10,21.73,0.513
1692,10,21.759999999999998,0.5085
1693,10,21.79,0.4705
1694,10,21.82,0.5125
1695,10,21.849999999999998,0.4805
1696,10,21.88,0.506
1697,10,21.91,0.4865
1698,10,21.939999999999998,0.494
1699,10,21.97,0.486
1700,10,22.0,0.502
1701,10,22.029999999999998,0.4985
1702,10,22.06,0.5235
1703,10,22.09,0.5135
1704,10,22.119999999999997,0.5035
1705,10,22.15,0.475
1706,10,22.18,0.5225
1707,10,22.21,0.5075
1708,10,22.24,0.4955
1709,10,22.27,0.511
1710,10,22.3,0.503
1711,10,22.33,0.4935
1712,10,22.36,0.5335
1713,10,22.39,0.487
1714,10,22.419999999999998,0.498
1715,10,22.45,0.5
1716,10,22.48,0.4795
1717,10,22.509999999999998,0.4975
1718,10,22.54,0.4975
1719,10,22.57,0.4815
1720,10,22.599999999999998,0.4805
1721,10,22.63,0.492
1722,10,22.66,0.4995
1723,10,22.689999999999998,0.491
1724,10,22.72,0.49
1725,10,22.75,0.4945
1726,10,22.779999999999998,0.514
1727,10,22.81,0.5035
1728,10,22.84,0.4975
1729,10,22.869999999999997,0.502
1730,10,22.9,0.4775
1731,10,22.93,0.499
1732,10,22.96,0.5015
1733,10,22.99,0.507
1734,10,23.02,0.4725
1735,10,23.05,0.4975
1736,10,23.08,0.495
1737,10,23.11,0.51
1738,10,23.14,0.511
1739,10,23.169999999999998,0.4855
1740,10,23.2,0.508
1741,10,23.23,0.5015
1742,10,23.259999999999998,0.4955
1743,10,23.29,0.502
1744,10,23.32,0.49
1745,10,23.349999999999998,0.4915
1746,10,23.38,0.499
1747,10,23.41,0.4865
1748,10,23.439999999999998,0.505
1749,10,23.47,0.522
1750,10,23.5,0.49
1751,10,23.529999999999998,0.482
1752,10,23.56,0.4925
1753,10,23.59,0.473
1754,10,23.619999999999997,0.495
1755,10,23.65,0.513
1756,10,23.68,0.4855
1757,10,23.71,0.479
1758,10,23.74,0.466
1759,10,23.77,0.495
1760,10,23.8,0.4795
1761,10,23.83,0.4755
1762,10,23.86,0.506
1763,10,23.89,0.4875
1764,10,23.919999999999998,0.485
1765,10,23.95,0.491
1766,10,23.98,0.493
1767,10,24.009999999999998,0.5025
1768,10,24.04,0.492
1769,10,24.07,0.484
1770,10,24.099999999999998,0.4775
1771,10,24.13,0.4825
1772,10,24.16,0.4735
1773,10,24.189999999999998,0.4785
1774,10,24.22,0.4855
1775,10,24.25,0.49
1776,10,24.279999999999998,0.4705
1777,10,24.31,0.495
1778,10,24.34,0.4835
1779,10,24.369999999999997,0.4885
1780,10,24.4,0.493
1781,10,24.43,0.484
1782,10,24.46,0.4925
1783,10,24.49,0.4625
1784,10,24.52,0.5125
1785,10,24.55,0.48
1786,10,24.58,0.479
1787,10,24.61,0.476
1788,10,24.64,0.4695
1789,10,24.669999999999998,0.4925
1790,10,24.7,0.48
1791,10,24.73,0.47
1792,10,24.759999999999998,0.4635
1793,10,24.79,0.4835
1794,10,24.82,0.4685
1795,10,24.849999999999998,0.4725
1796,10,24.88,0.4785
1797,10,24.91,0.4905
1798,10,24.939999999999998,0.497
1799,10,24.97,0.4715
1800,10,25.0,0.507
1801,10,25.029999999999998,0.4645
1802,10,25.06,0.482
1803,10,25.09,0.485
1804,10,25.119999999999997,0.4905
1805,10,25.15,0.48
1806,10,25.18,0.4735
1807,10,25.21,0.481
1808,10,25.24,0.4865
1809,10,25.27,0.4955
1810,10,25.3,0.476
1811,10,25.33,0.4765
1812,10,25.36,0.469
1813,10,25.39,0.4665
1814,10,25.419999999999998,0.4775
1815,10,25.45,0.4735
1816,10,25.48,0.4985
1817,10,25.509999999999998,0.467
1818,10,25.54,0.478
1819,10,25.57,0.476
1820,10,25.599999999999998,0.486
1821,10,25.63,0.4885
1822,10,25.66,0.4685
1823,10,25.689999999999998,0.464
1824,10,25.72,0.483
1825,10,25.75,0.481
1826,10,25.779999999999998,0.453
1827,10,25.81,0.4585
1828,10,25.84,0.47
1829,10,25.869999999999997,0.466
1830,10,25.9,0.473
1831,10,25.93,0.4625
1832,10,25.96,0.4815
1833,10,25.99,0.476
1834,10,26.02,0.482
1835,10,26.05,0.461
1836,10,26.08,0.4865
1837,10,26.11,0.497
1838,10,26.14,0.4965
1839,10,26.169999999999998,0.484
1840,10,26.2,0.466
1841,10,26.23,0.4795
1842,10,26.259999999999998,0.4865
1843,10,26.29,0.478
1844,10,26.32,0.48
1845,10,26.349999999999998,0.4745
1846,10,26.38,0.4685
1847,10,26.41,0.4595
1848,10,26.439999999999998,0.4715
1849,10,26.47,0.4515
1850,10,26.5,0.4745
1851,10,26.529999999999998,0.48
1852,10,26.56,0.4675
1853,10,26.59,0.4705
1854,10,26.619999999999997,0.461
1855,10,26.65,0.4695
1856,10,26.68,0.467
1857,10,26.709999999999997,0.4845
1858,10,26.74,0.476
1859,10,26.77,0.4875
1860,10,26.8,0.456
1861,10,26.83,0.4705
1862,10,26.86,0.4485
1863,10,26.89,0.47
1864,10,26.919999999999998,0.443
1865,10,26.95,0.4655
1866,10,26.98,0.46
1867,10,27.009999999999998,0.466
1868,10,27.04,0.471
1869,10,27.07,0.464
1870,10,27.099999999999998,0.466
1871,10,27.13,0.477
1872,10,27.16,0.4725
1873,10,27.189999999999998,0.448
1874,10,27.22,0.473
1875,10,27.25,0.4685
1876,10,27.279999999999998,0.4655
1877,10,27.31,0.4665
1878,10,27.34,0.481
1879,10,27.369999999999997,0.4665
1880,10,27.4,0.49
1881,10,27.43,0.4685
1882,10,27.459999999999997,0.47
1883,10,27.49,0.456
1884,10,27.52,0.463
1885,10,27.55,0.4685
1886,10,27.58,0.453
1887,10,27.61,0.469
1888,10,27.64,0.4615
1889,10,27.669999999999998,0.462
1890,10,27.7,0.4475
1891,10,27.73,0.477
1892,10,27.759999999999998,0.456
1893,10,27.79,0.4565
1894,10,27.82,0.441
1895,10,27.849999999999998,0.442
1896,10,27.88,0.472
1897,10,27.91,0.4675
1898,10,27.939999999999998,0.4475
1899,10,27.97,0.4535
1900,10,28.0,0.462
1901,10,28.029999999999998,0.46
1902,10,28.06,0.4605
1903,10,28.09,0.462
1904,10,28.119999999999997,0.4645
1905,10,28.15,0.451
1906,10,28.18,0.47
1907,10,28.209999999999997,0.4575
1908,10,28.24,0.4525
1909,10,28.27,0.4615
1910,10,28.3,0.454
1911,10,28.33,0.446
1912,10,28.36,0.4655
1913,10,28.39,0.461
1914,10,28.419999999999998,0.4605
1915,10,28.45,0.443
1916,10,28.48,0.4675
1917,10,28.509999999999998,0.4555
1918,10,28.54,0.465
1919,10,28.57,0.457
1920,10,28.599999999999998,0.4405
1921,10,28.63,0.4385
1922,10,28.66,0.474
1923,10,28.689999999999998,0.443
1924,10,28.72,0.475
1925,10,28.75,0.4595
1926,10,28.779999999999998,0.4675
1927,10,28.81,0.464
1928,10,28.84,0.448
1929,10,28.869999999999997,0.4625
1930,10,28.9,0.454
1931,10,28.93,0.455
1932,10,28.959999999999997,0.455
1933,10,28.99,0.449
1934,10,29.02,0.46
1935,10,29.05,0.4585
1936,10,29.08,0.46
1937,10,29.11,0.4695
1938,10,29.14,0.454
1939,10,29.169999999999998,0.4475
1940,10,29.2,0.44
1941,10,29.23,0.481
1942,10,29.259999999999998,0.4575
1943,10,29.29,0.4525
1944,10,29.32,0.4455
1945,10,29.349999999999998,0.4595
1946,10,29.38,0.466
1947,10,29.41,0.463
1948,10,29.439999999999998,0.435
1949,10,29.47,0.4565
1950,10,29.5,0.4615
1951,10,29.529999999999998,0.436
1952,10,29.56,0.454
1953,10,29.59,0.4545
1954,10,29.619999999999997,0.447
1955,10,29.65,0.4355
1956,10,29.68,0.4345
1957,10,29.709999999999997,0.4305
1958,10,29.74,0.463
1959,10,29.77,0.4695
1960,10,29.799999999999997,0.4585
1961,10,29.83,0.4395
1962,10,29.86,0.428
1963,10,29.89,0.4425
1964,10,29.919999999999998,0.4425
1965,10,29.95,0.4285
1966,10,29.98,0.452
1967,10,30.009999999999998,0.4435
1968,10,30.04,0.445
1969,10,30.07,0.4495
1970,10,30.099999999999998,0.434
1971,10,30.13,0.434
1972,10,30.16,0.4375
1973,10,30.189999999999998,0.457
1974,10,30.22,0.451
1975,10,30.25,0.4485
1976,10,30.279999999999998,0.4485
1977,10,30.31,0.4635
1978,10,30.34,0.451
1979,10,30.369999999999997,0.4495
1980,10,30.4,0.4505
1981,10,30.43,0.4345
1982,10,30.459999999999997,0.4445
1983,10,30.49,0.452
1984,10,30.52,0.4515
1985,10,30.549999999999997,0.435
1986,10,30.58,0.4415
1987,10,30.61,0.4575
1988,10,30.64,0.45
1989,10,30.669999999999998,0.434
1990,10,30.7,0.4475
1991,10,30.73,0.4515
1992,10,30.759999999999998,0.428
1993,10,30.79,0.454
1994,10,30.82,0.4455
1995,10,30.849999999999998,0.4485
1996,10,30.88,0.449
1997,10,30.91,0.43
1998,10,30.939999999999998,0.4375
1999,10,30.97,0.449
2000,40,1.0,0.683
2001,40,1.03,0.6715
2002,40,1.06,0.6615
2003,40,1.09,0.6745
2004,40,1.12,0.6645
2005,40,1.15,0.6595
2006,40,1.18,0.6565
2007,40,1.21,0.6365
2008,40,1.24,0.6375
2009,40,1.27,0.657
2010,40,1.3,0.6445
2011,40,1.33,0.6605
2012,40,1.3599999999999999,0.632
2013,40,1.3900000000000001,0.6355
2014,40,1.42,0.648
2015,40,1.45,0.646
2016,40,1.48,0.6315
2017,40,1.51,0.6355
2018,40,1.54,0.6325
2019,40,1.5699999999999998,0.6135
2020,40,1.6,0.6235
2021,40,1.63,0.627
2022,40,1.66,0.619
2023,40,1.69,0.6275
2024,40,1.72,0.6295
2025,40,1.75,0.6195
2026,40,1.78,0.621
2027,40,1.81,0.572
2028,40,1.8399999999999999,0.6115
2029,40,1.87,0.618
2030,40,1.9,0.6085
2031,40,1.93,0.6285
2032,40,1.96,0.6035
2033,40,1.99,0.61
2034,40,2.02,0.5645
2035,40,2.05,0.611
2036,40,2.08,0.5785
2037,40,2.11,0.582
2038,40,2.1399999999999997,0.6035
2039,40,2.17,0.5995
2040,40,2.2,0.5835
2041,40,2.23,0.6205
2042,40,2.26,0.5865
2043,40,2.29,0.5895
2044,40,2.32,0.5895
2045,40,2.3499999999999996,0.597
2046,40,2.38,0.5815
2047,40,2.41,0.565
2048,40,2.44,0.566
2049,40,2.4699999999999998,0.559
2050,40,2.5,0.5815
2051,40,2.5300000000000002,0.5715
2052,40,2.56,0.5515
2053,40,2.59,0.55
2054,40,2.62,0.566
2055,40,2.65,0.565
2056,40,2.6799999999999997,0.559
2057,40,2.71,0.5405
2058,40,2.74,0.5535
2059,40,2.77,0.5705
2060,40,2.8,0.5415
2061,40,2.83,0.543
2062,40,2.86,0.567
2063,40,2.8899999999999997,0.5435
2064,40,2.92,0.535
2065,40,2.95,0.546
2066,40,2.98,0.5495
2067,40,3.01,0.5345
2068,40,3.04,0.5435
2069,40,3.07,0.5315
2070,40,3.1,0.5505
2071,40,3.13,0.534
2072,40,3.16,0.5255
2073,40,3.19,0.525
2074,40,3.2199999999999998,0.5235
2075,40,3.25,0.5255
2076,40,3.28,0.523
2077,40,3.31,0.5105
2078,40,3.34,0.513
2079,40,3.37,0.5435
2080,40,3.4,0.5415
2081,40,3.4299999999999997,0.5095
2082,40,3.46,0.502
2083,40,3.4899999999999998,0.5085
2084,40,3.52,0.503
2085,40,3.55,0.5065
2086,40,3.58,0.5145
2087,40,3.61,0.522
2088,40,3.6399999999999997,0.513
2089,40,3.67,0.521
2090,40,3.6999999999999997,0.4885
2091,40,3.73,0.4965
2092,40,3.76,0.497
2093,40,3.79,0.4985
2094,40,3.82,0.499
2095,40,3.85,0.4895
2096,40,3.88,0.4805
2097,40,3.9099999999999997,0.4975
2098,40,3.94,0.5095
2099,40,3.9699999999999998,0.5
2100,40,4.0,0.4765
2101,40,4.029999999999999,0.4905
2102,40,4.0600000000000005,0.4675
2103,40,4.09,0.498
2104,40,4.12,0.483
2105,40,4.15,0.4895
2106,40,4.18,0.478
2107,40,4.21,0.4715
2108,40,4.24,0.4775
2109,40,4.27,0.479
2110,40,4.3,0.4925
2111,40,4.33,0.493
2112,40,4.359999999999999,0.48
2113,40,4.39,0.483
2114,40,4.42,0.4725
2115,40,4.449999999999999,0.4815
2116,40,4.48,0.4535
2117,40,4.51,0.4795
2118,40,4.54,0.4855
2119,40,4.57,0.4565
2120,40,4.6,0.4695
2121,40,4.63,0.485
2122,40,4.66,0.4725
2123,40,4.6899999999999995,0.4555
2124,40,4.72,0.464
2125,40,4.75,0.459
2126,40,4.779999999999999,0.487
2127,40,4.8100000000000005,0.448
2128,40,4.84,0.453
2129,40,4.869999999999999,0.441
2130,40,4.9,0.4495
2131,40,4.93,0.459
2132,40,4.96,0.446
2133,40,4.99,0.4555
2134,40,5.02,0.441
2135,40,5.05,0.462
2136,40,5.08,0.4545
2137,40,5.109999999999999,0.459
2138,40,5.14,0.4365
2139,40,5.17,0.457
2140,40,5.2,0.435
2141,40,5.2299999999999995,0.44
2142,40,5.26,0.449
2143,40,5.29,0.427
2144,40,5.32,0.4525
2145,40,5.35,0.439
2146,40,5.38,0.4355
2147,40,5.41,0.427
2148,40,5.4399999999999995,0.4575
2149,40,5.47,0.412
2150,40,5.5,0.415
2151,40,5.53,0.433
2152,40,5.56,0.406
2153,40,5.59,0.4425
2154,40,5.62,0.4285
2155,40,5.6499999999999995,0.4245
2156,40,5.68,0.418
2157,40,5.71,0.4225
2158,40,5.74,0.4495
2159,40,5.77,0.4185
2160,40,5.8,0.429
2161,40,5.83,0.4125
2162,40,5.859999999999999,0.412
2163,40,5.89,0.4265
2164,40,5.92,0.433
2165,40,5.95,0.4225
2166,40,5.9799999999999995,0.4265
2167,40,6.01,0.4015
2168,40,6.04,0.405
2169,40,6.069999999999999,0.4095
2170,40,6.1,0.407
2171,40,6.13,0.4135
2172,40,6.16,0.428
2173,40,6.1899999999999995,0.4105
2174,40,6.22,0.412
2175,40,6.25,0.408
2176,40,6.279999999999999,0.4065
2177,40,6.31,0.418
2178,40,6.34,0.38
2179,40,6.37,0.417
2180,40,6.3999999999999995,0.42
2181,40,6.43,0.3965
2182,40,6.46,0.385
2183,40,6.49,0.422
2184,40,6.52,0.391
2185,40,6.55,0.39
2186,40,6.58,0.417
2187,40,6.609999999999999,0.4005
2188,40,6.64,0.3905
2189,40,6.67,0.4
2190,40,6.7,0.3995
2191,40,6.7299999999999995,0.4045
2192,40,6.76,0.409
2193,40,6.79,0.3905
2194,40,6.819999999999999,0.4
2195,40,6.85,0.3945
2196,40,6.88,0.3995
2197,40,6.91,0.3875
2198,40,6.9399999999999995,0.407
2199,40,6.97,0.396
2200,40,7.0,0.3785
2201,40,7.029999999999999,0.3855
2202,40,7.06,0.3955
2203,40,7.09,0.407
2204,40,7.12,0.384
2205,40,7.1499999999999995,0.3845
2206,40,7.18,0.375
2207,40,7.21,0.3815
2208,40,7.24,0.3715
2209,40,7.27,0.395
2210,40,7.3,0.3875
2211,40,7.33,0.3795
2212,40,7.359999999999999,0.396
2213,40,7.39,0.365
2214,40,7.42,0.3445
2215,40,7.45,0.4135
2216,40,7.4799999999999995,0.3775
2217,40,7.51,0.3725
2218,40,7.54,0.3695
2219,40,7.569999999999999,0.392
2220,40,7.6,0.3825
2221,40,7.63,0.3695
2222,40,7.66,0.365
2223,40,7.6899999999999995,0.3685
2224,40,7.72,0.357
2225,40,7.75,0.36
2226,40,7.779999999999999,0.371
2227,40,7.81,0.358
2228,40,7.84,0.3675
2229,40,7.87,0.3615
2230,40,7.8999999999999995,0.3675
2231,40,7.93,0.3585
2232,40,7.96,0.363
2233,40,7.989999999999999,0.3565
2234,40,8.02,0.3685
2235,40,8.05,0.3695
2236,40,8.08,0.37
2237,40,8.11,0.355
2238,40,8.14,0.3515
2239,40,8.17,0.358
2240,40,8.2,0.362
2241,40,8.23,0.3645
2242,40,8.26,0.342
2243,40,8.29,0.3485
2244,40,8.32,0.3575
2245,40,8.35,0.352
2246,40,8.379999999999999,0.342
2247,40,8.41,0.3555
2248,40,8.44,0.344
2249,40,8.469999999999999,0.362
2250,40,8.5,0.3585
2251,40,8.53,0.357
2252,40,8.559999999999999,0.366
2253,40,8.59,0.349
2254,40,8.620000000000001,0.368
2255,40,8.649999999999999,0.354
2256,40,8.68,0.36
2257,40,8.71,0.3695
2258,40,8.739999999999998,0.365
2259,40,8.77,0.352
2260,40,8.8,0.3495
2261,40,8.83,0.343
2262,40,8.86,0.3585
2263,40,8.89,0.367
2264,40,8.92,0.3555
2265,40,8.95,0.3505
2266,40,8.98,0.357
2267,40,9.01,0.346
2268,40,9.04,0.3525
2269,40,9.07,0.3605
2270,40,9.1,0.3385
2271,40,9.129999999999999,0.3355
2272,40,9.16,0.349
2273,40,9.19,0.34
2274,40,9.219999999999999,0.3335
2275,40,9.25,0.3455
2276,40,9.28,0.3305
2277,40,9.31,0.343
2278,40,9.34,0.337
2279,40,9.37,0.343
2280,40,9.4,0.3375
2281,40,9.43,0.345
2282,40,9.459999999999999,0.339
2283,40,9.49,0.329
2284,40,9.52,0.3235
2285,40,9.549999999999999,0.3225
2286,40,9.58,0.33
2287,40,9.61,0.339
2288,40,9.64,0.3415
2289,40,9.67,0.317
2290,40,9.7,0.3055
2291,40,9.73,0.3305
2292,40,9.76,0.3285
2293,40,9.79,0.3425
2294,40,9.82,0.3535
2295,40,9.85,0.3485
2296,40,9.879999999999999,0.319
2297,40,9.91,0.3205
2298,40,9.94,0.323
2299,40,9.969999999999999,0.33
2300,40,10.0,0.3275
2301,40,10.03,0.353
2302,40,10.06,0.3355
2303,40,10.09,0.337
2304,40,10.12,0.3235
2305,40,10.15,0.3145
2306,40,10.18,0.332
2307,40,10.209999999999999,0.3255
2308,40,10.24,0.3395
2309,40,10.27,0.327
2310,40,10.299999999999999,0.326
2311,40,10.33,0.3335
2312,40,10.36,0.3365
2313,40,10.389999999999999,0.3325
2314,40,10.42,0.327
2315,40,10.45,0.3285
2316,40,10.48,0.318
2317,40,10.51,0.326
2318,40,10.54,0.3065
2319,40,10.57,0.3135
2320,40,10.6,0.3005
2321,40,10.629999999999999,0.306
2322,40,10.66,0.327
2323,40,10.69,0.332
2324,40,10.719999999999999,0.3205
2325,40,10.75,0.3145
2326,40,10.78,0.3135
2327,40,10.81,0.315
2328,40,10.84,0.318
2329,40,10.87,0.305
2330,40,10.9,0.317
2331,40,10.93,0.301
2332,40,10.959999999999999,0.3125
2333,40,10.99,0.2935
2334,40,11.02,0.317
2335,40,11.049999999999999,0.287
2336,40,11.08,0.302
2337,40,11.11,0.317
2338,40,11.139999999999999,0.3
2339,40,11.17,0.322
2340,40,11.2,0.3205
2341,40,11.23,0.3055
2342,40,11.26,0.304
2343,40,11.29,0.2945
2344,40,11.32,0.323
2345,40,11.35,0.2945
2346,40,11.379999999999999,0.3105
2347,40,11.41,0.3095
2348,40,11.44,0.3135
2349,40,11.469999999999999,0.3155
2350,40,11.5,0.3095
2351,40,11.53,0.2945
2352,40,11.559999999999999,0.3055
2353,40,11.59,0.2995
2354,40,11.62,0.301
2355,40,11.65,0.305
2356,40,11.68,0.296
2357,40,11.709999999999999,0.3045
2358,40,11.74,0.2995
2359,40,11.77,0.314
2360,40,11.799999999999999,0.2945
2361,40,11.83,0.3065
2362,40,11.86,0.296
2363,40,11.889999999999999,0.296
2364,40,11.92,0.3085
2365,40,11.95,0.3035
2366,40,11.98,0.3035
2367,40,12.01,0.298
2368,40,12.04,0.299
2369,40,12.07,0.2995
2370,40,12.1,0.2865
2371,40,12.129999999999999,0.2915
2372,40,12.16,0.312
2373,40,12.19,0.307
2374,40,12.219999999999999,0.309
2375,40,12.25,0.2975
2376,40,12.28,0.2845
2377,40,12.309999999999999,0.3005
2378,40,12.34,0.2835
2379,40,12.37,0.2975
2380,40,12.4,0.2825
2381,40,12.43,0.313
2382,40,12.459999999999999,0.3105
2383,40,12.49,0.3025
2384,40,12.52,0.2925
2385,40,12.549999999999999,0.2865
2386,40,12.58,0.3005
2387,40,12.61,0.2875
2388,40,12.639999999999999,0.287
2389,40,12.67,0.3145
2390,40,12.7,0.295
2391,40,12.73,0.28
2392,40,12.76,0.306
2393,40,12.79,0.2865
2394,40,12.82,0.29
2395,40,12.85,0.2795
2396,40,12.879999999999999,0.275
2397,40,12.91,0.288
2398,40,12.94,0.296
2399,40,12.969999999999999,0.2935
2400,40,13.0,0.287
2401,40,13.03,0.28
2402,40,13.059999999999999,0.2835
2403,40,13.09,0.2865
2404,40,13.12,0.275
2405,40,13.15,0.29
2406,40,13.18,0.291
2407,40,13.209999999999999,0.3065
2408,40,13.24,0.306
2409,40,13.27,0.267
2410,40,13.299999999999999,0.2835
2411,40,13.33,0.274
2412,40,13.36,0.287
2413,40,13.389999999999999,0.2775
2414,40,13.42,0.2735
2415,40,13.45,0.285
2416,40,13.48,0.2715
2417,40,13.51,0.283
2418,40,13.54,0.2785
2419,40,13.57,0.275
2420,40,13.6,0.3015
2421,40,13.629999999999999,0.291
2422,40,13.66,0.291
2423,40,13.69,0.289
2424,40,13.719999999999999,0.291
2425,40,13.75,0.2665
2426,40,13.78,0.273
2427,40,13.809999999999999,0.278
2428,40,13.84,0.28
2429,40,13.87,0.2835
2430,40,13.9,0.263
2431,40,13.93,0.274
2432,40,13.959999999999999,0.2835
2433,40,13.99,0.265
2434,40,14.02,0.277
2435,40,14.049999999999999,0.259
2436,40,14.08,0.2715
2437,40,14.11,0.2985
2438,40,14.139999999999999,0.2635
2439,40,14.17,0.273
2440,40,14.2,0.2885
2441,40,14.229999999999999,0.278
2442,40,14.26,0.269
2443,40,14.29,0.288
2444,40,14.32,0.265
2445,40,14.35,0.2665
2446,40,14.379999999999999,0.27
2447,40,14.41,0.2585
2448,40,14.44,0.2575
2449,40,14.469999999999999,0.286
2450,40,14.5,0.273
2451,40,14.53,0.269
2452,40,14.559999999999999,0.25
2453,40,14.59,0.29
2454,40,14.62,0.28
2455,40,14.65,0.2635
2456,40,14.68,0.268
2457,40,14.709999999999999,0.279
2458,40,14.74,0.268
2459,40,14.77,0.2595
2460,40,14.799999999999999,0.2945
2461,40,14.83,0.275
2462,40,14.86,0.271
2463,40,14.889999999999999,0.267
2464,40,14.92,0.26
2465,40,14.95,0.2705
2466,40,14.979999999999999,0.2875
2467,40,15.01,0.268
2468,40,15.04,0.2585
2469,40,15.07,0.2455
2470,40,15.1,0.2605
2471,40,15.129999999999999,0.2785
2472,40,15.16,0.256
2473,40,15.19,0.284
2474,40,15.219999999999999,0.2715
2475,40,15.25,0.2575
2476,40,15.28,0.254
2477,40,15.309999999999999,0.2535
2478,40,15.34,0.2575
2479,40,15.37,0.2545
2480,40,15.399999999999999,0.256
2481,40,15.43,0.2655
2482,40,15.459999999999999,0.2685
2483,40,15.49,0.2715
2484,40,15.52,0.248
2485,40,15.549999999999999,0.273
2486,40,15.58,0.2475
2487,40,15.61,0.2735
2488,40,15.639999999999999,0.269
2489,40,15.67,0.28
2490,40,15.7,0.264
2491,40,15.729999999999999,0.2605
2492,40,15.76,0.27
2493,40,15.79,0.275
2494,40,15.82,0.2695
2495,40,15.85,0.2585
2496,40,15.879999999999999,0.29
2497,40,15.91,0.2655
2498,40,15.94,0.267
2499,40,15.969999999999999,0.2675
2500,40,16.0,0.267
2501,40,16.03,0.273
2502,40,16.06,0.2445
2503,40,16.09,0.244
2504,40,16.119999999999997,0.243
2505,40,16.15,0.272
2506,40,16.18,0.2425
2507,40,16.21,0.262
2508,40,16.240000000000002,0.265
2509,40,16.27,0.253
2510,40,16.299999999999997,0.256
2511,40,16.33,0.2415
2512,40,16.36,0.271
2513,40,16.39,0.2395
2514,40,16.42,0.257
2515,40,16.45,0.245
2516,40,16.479999999999997,0.273
2517,40,16.509999999999998,0.256
2518,40,16.54,0.2435
2519,40,16.57,0.241
2520,40,16.6,0.259
2521,40,16.63,0.266
2522,40,16.66,0.239
2523,40,16.689999999999998,0.2755
2524,40,16.72,0.261
2525,40,16.75,0.2465
2526,40,16.78,0.247
2527,40,16.81,0.262
2528,40,16.84,0.2655
2529,40,16.869999999999997,0.2525
2530,40,16.9,0.254
2531,40,16.93,0.253
2532,40,16.96,0.2565
2533,40,16.990000000000002,0.2205
2534,40,17.02,0.2345
2535,40,17.05,0.248
2536,40,17.08,0.2355
2537,40,17.11,0.2395
2538,40,17.14,0.2655
2539,40,17.169999999999998,0.242
2540,40,17.2,0.244
2541,40,17.23,0.2595
2542,40,17.259999999999998,0.2555
2543,40,17.29,0.2435
2544,40,17.32,0.2455
2545,40,17.349999999999998,0.242
2546,40,17.38,0.2415
2547,40,17.41,0.238
2548,40,17.439999999999998,0.2435
2549,40,17.47,0.269
2550,40,17.5,0.252
2551,40,17.53,0.2555
2552,40,17.56,0.2405
2553,40,17.59,0.251
2554,40,17.62,0.269
2555,40,17.65,0.247
2556,40,17.68,0.2515
2557,40,17.71,0.2425
2558,40,17.74,0.2295
2559,40,17.77,0.241
2560,40,17.8,0.253
2561,40,17.83,0.233
2562,40,17.86,0.237
2563,40,17.89,0.249
2564,40,17.919999999999998,0.241
2565,40,17.95,0.23
2566,40,17.98,0.2415
2567,40,18.009999999999998,0.237
2568,40,18.04,0.2175
2569,40,18.07,0.2545
2570,40,18.099999999999998,0.232
2571,40,18.13,0.2385
2572,40,18.16,0.2525
2573,40,18.189999999999998,0.2335
2574,40,18.22,0.247
2575,40,18.25,0.242
2576,40,18.28,0.2305
2577,40,18.31,0.2485
2578,40,18.34,0.235
2579,40,18.37,0.255
2580,40,18.4,0.2335
2581,40,18.43,0.2375
2582,40,18.46,0.236
2583,40,18.49,0.262
2584,40,18.52,0.2495
2585,40,18.55,0.237
2586,40,18.58,0.241
2587,40,18.61,0.24
2588,40,18.64,0.2375
2589,40,18.669999999999998,0.245
2590,40,18.7,0.248
2591,40,18.73,0.255
2592,40,18.759999999999998,0.24
2593,40,18.79,0.232
2594,40,18.82,0.246
2595,40,18.849999999999998,0.2385
2596,40,18.88,0.22
2597,40,18.91,0.2355
2598,40,18.939999999999998,0.235
2599,40,18.97,0.233
2600,40,19.0,0.234
2601,40,19.029999999999998,0.2395
2602,40,19.06,0.242
2603,40,19.09,0.2275
2604,40,19.12,0.237
2605,40,19.15,0.228
2606,40,19.18,0.2365
2607,40,19.21,0.231
2608,40,19.24,0.231
2609,40,19.27,0.229
2610,40,19.3,0.235
2611,40,19.33,0.219
2612,40,19.36,0.234
2613,40,19.39,0.2295
2614,40,19.419999999999998,0.2215
2615,40,19.45,0.226
2616,40,19.48,0.231
2617,40,19.509999999999998,0.236
2618,40,19.54,0.233
2619,40,19.57,0.2145
2620,40,19.599999999999998,0.2395
2621,40,19.63,0.23
2622,40,19.66,0.233
2623,40,19.689999999999998,0.2265
2624,40,19.72,0.2315
2625,40,19.75,0.236
2626,40,19.779999999999998,0.2235
2627,40,19.81,0.2415
2628,40,19.84,0.2405
2629,40,19.87,0.2115
2630,40,19.9,0.224
2631,40,19.93,0.2285
2632,40,19.96,0.2445
2633,40,19.99,0.2405
2634,40,20.02,0.241
2635,40,20.05,0.2245
2636,40,20.08,0.234
2637,40,20.11,0.248
2638,40,20.14,0.224
2639,40,20.169999999999998,0.2205
2640,40,20.2,0.2195
2641,40,20.23,0.225
2642,40,20.259999999999998,0.2215
2643,40,20.29,0.233
2644,40,20.32,0.237
2645,40,20.349999999999998,0.229
2646,40,20.38,0.23
2647,40,20.41,0.2335
2648,40,20.439999999999998,0.234
2649,40,20.47,0.2225
2650,40,20.5,0.229
2651,40,20.529999999999998,0.2395
2652,40,20.56,0.2415
2653,40,20.59,0.24
2654,40,20.62,0.2325
2655,40,20.65,0.2205
2656,40,20.68,0.2295
2657,40,20.71,0.2355
2658,40,20.74,0.2335
2659,40,20.77,0.237
2660,40,20.8,0.2225
2661,40,20.83,0.221
2662,40,20.86,0.226
2663,40,20.89,0.2245
2664,40,20.919999999999998,0.236
2665,40,20.95,0.2245
2666,40,20.98,0.2245
2667,40,21.009999999999998,0.225
2668,40,21.04,0.217
2669,40,21.07,0.22
2670,40,21.099999999999998,0.2205
2671,40,21.13,0.2365
2672,40,21.16,0.2215
2673,40,21.189999999999998,0.217
2674,40,21.22,0.214
2675,40,21.25,0.2205
2676,40,21.279999999999998,0.225
2677,40,21.31,0.216
2678,40,21.34,0.2205
2679,40,21.37,0.224
2680,40,21.4,0.225
2681,40,21.43,0.221
2682,40,21.46,0.218
2683,40,21.49,0.205
2684,40,21.52,0.228
2685,40,21.55,0.216
2686,40,21.58,0.239
2687,40,21.61,0.22
2688,40,21.64,0.2215
2689,40,21.669999999999998,0.233
2690,40,21.7,0.2135
2691,40,21.73,0.2115
2692,40,21.759999999999998,0.226
2693,40,21.79,0.209
2694,40,21.82,0.224
2695,40,21.849999999999998,0.2195
2696,40,21.88,0.214
2697,40,21.91,0.214
2698,40,21.939999999999998,0.215
2699,40,21.97,0.2365
2700,40,22.0,0.2215
2701,40,22.029999999999998,0.2155
2702,40,22.06,0.2155
2703,40,22.09,0.213
2704,40,22.119999999999997,0.216
2705,40,22.15,0.2295
2706,40,22.18,0.219
2707,40,22.21,0.229
2708,40,22.24,0.2205
2709,40,22.27,0.221
2710,40,22.3,0.223
2711,40,22.33,0.2225
2712,40,22.36,0.2075
2713,40,22.39,0.229
2714,40,22.419999999999998,0.2175
2715,40,22.45,0.2275
2716,40,22.48,0.21
2717,40,22.509999999999998,0.2275
2718,40,22.54,0.215
2719,40,22.57,0.207
2720,40,22.599999999999998,0.2085
2721,40,22.63,0.217
2722,40,22.66,0.213
2723,40,22.689999999999998,0.2225
2724,40,22.72,0.224
2725,40,22.75,0.199
2726,40,22.779999999999998,0.2235
2727,40,22.81,0.2235
2728,40,22.84,0.222
2729,40,22.869999999999997,0.2235
2730,40,22.9,0.207
2731,40,22.93,0.2105
2732,40,22.96,0.213
2733,40,22.99,0.202
2734,40,23.02,0.221
2735,40,23.05,0.211
2736,40,23.08,0.2085
2737,40,23.11,0.2135
2738,40,23.14,0.21
2739,40,23.169999999999998,0.233
2740,40,23.2,0.2325
2741,40,23.23,0.209
2742,40,23.259999999999998,0.222
2743,40,23.29,0.211
2744,40,23.32,0.2195
2745,40,23.349999999999998,0.2165
2746,40,23.38,0.199
2747,40,23.41,0.2235
2748,40,23.439999999999998,0.218
2749,40,23.47,0.2315
2750,40,23.5,0.228
2751,40,23.529999999999998,0.2105
2752,40,23.56,0.2095
2753,40,23.59,0.212
2754,40,23.619999999999997,0.213
2755,40,23.65,0.2075
2756,40,23.68,0.223
2757,40,23.71,0.223
2758,40,23.74,0.2075
2759,40,23.77,0.219
2760,40,23.8,0.205
2761,40,23.83,0.213
2762,40,23.86,0.2065
2763,40,23.89,0.224
2764,40,23.919999999999998,0.2045
2765,40,23.95,0.2125
2766,40,23.98,0.1975
2767,40,24.009999999999998,0.2085
2768,40,24.04,0.2255
2769,40,24.07,0.2165
2770,40,24.099999999999998,0.2055
2771,40,24.13,0.2
2772,40,24.16,0.2115
2773,40,24.189999999999998,0.197
2774,40,24.22,0.209
2775,40,24.25,0.2185
2776,40,24.279999999999998,0.2155
2777,40,24.31,0.216
2778,40,24.34,0.2065
2779,40,24.369999999999997,0.195
2780,40,24.4,0.219
2781,40,24.43,0.194
2782,40,24.46,0.207
2783,40,24.49,0.2205
2784,40,24.52,0.1975
2785,40,24.55,0.2145
2786,40,24.58,0.201
2787,40,24.61,0.2155
2788,40,24.64,0.209
2789,40,24.669999999999998,0.201
2790,40,24.7,0.2105
2791,40,24.73,0.2235
2792,40,24.759999999999998,0.2175
2793,40,24.79,0.201
2794,40,24.82,0.201
2795,40,24.849999999999998,0.2255
2796,40,24.88,0.1935
2797,40,24.91,0.2145
2798,40,24.939999999999998,0.226
2799,40,24.97,0.208
2800,40,25.0,0.2165
2801,40,25.029999999999998,0.2085
2802,40,25.06,0.203
2803,40,25.09,0.216
2804,40,25.119999999999997,0.199
2805,40,25.15,0.206
2806,40,25.18,0.206
2807,40,25.21,0.2005
2808,40,25.24,0.2175
2809,40,25.27,0.1945
2810,40,25.3,0.1965
2811,40,25.33,0.197
2812,40,25.36,0.214
2813,40,25.39,0.214
2814,40,25.419999999999998,0.2015
2815,40,25.45,0.2
2816,40,25.48,0.2225
2817,40,25.509999999999998,0.2005
2818,40,25.54,0.2215
2819,40,25.57,0.1905
2820,40,25.599999999999998,0.203
2821,40,25.63,0.1915
2822,40,25.66,0.2035
2823,40,25.689999999999998,0.2075
2824,40,25.72,0.2065
2825,40,25.75,0.2045
2826,40,25.779999999999998,0.192
2827,40,25.81,0.186
2828,40,25.84,0.195
2829,40,25.869999999999997,0.185
2830,40,25.9,0.1895
2831,40,25.93,0.204
2832,40,25.96,0.211
2833,40,25.99,0.201
2834,40,26.02,0.2035
2835,40,26.05,0.212
2836,40,26.08,0.206
2837,40,26.11,0.2065
2838,40,26.14,0.2155
2839,40,26.169999999999998,0.2055
2840,40,26.2,0.2115
2841,40,26.23,0.1955
2842,40,26.259999999999998,0.206
2843,40,26.29,0.197
2844,40,26.32,0.198
2845,40,26.349999999999998,0.195
2846,40,26.38,0.201
2847,40,26.41,0.204
2848,40,26.439999999999998,0.22
2849,40,26.47,0.1975
2850,40,26.5,0.1885
2851,40,26.529999999999998,0.206
2852,40,26.56,0.207
2853,40,26.59,0.2075
2854,40,26.619999999999997,0.2055
2855,40,26.65,0.214
2856,40,26.68,0.2205
2857,40,26.709999999999997,0.198
2858,40,26.74,0.2
2859,40,26.77,0.197
2860,40,26.8,0.2035
2861,40,26.83,0.2065
2862,40,26.86,0.2055
2863,40,26.89,0.2045
2864,40,26.919999999999998,0.1955
2865,40,26.95,0.2135
2866,40,26.98,0.202
2867,40,27.009999999999998,0.1675
2868,40,27.04,0.2145
2869,40,27.07,0.1965
2870,40,27.099999999999998,0.1825
2871,40,27.13,0.1965
2872,40,27.16,0.2095
2873,40,27.189999999999998,0.2
2874,40,27.22,0.19
2875,40,27.25,0.1925
2876,40,27.279999999999998,0.189
2877,40,27.31,0.193
2878,40,27.34,0.183
2879,40,27.369999999999997,0.212
2880,40,27.4,0.1965
2881,40,27.43,0.2065
2882,40,27.459999999999997,0.2085
2883,40,27.49,0.206
2884,40,27.52,0.1955
2885,40,27.55,0.2035
2886,40,27.58,0.2065
2887,40,27.61,0.1925
2888,40,27.64,0.1975
2889,40,27.669999999999998,0.1975
2890,40,27.7,0.196
2891,40,27.73,0.1975
2892,40,27.759999999999998,0.203
2893,40,27.79,0.1885
2894,40,27.82,0.1885
2895,40,27.849999999999998,0.191
2896,40,27.88,0.1955
2897,40,27.91,0.1865
2898,40,27.939999999999998,0.1995
2899,40,27.97,0.1915
2900,40,28.0,0.1925
2901,40,28.029999999999998,0.1955
2902,40,28.06,0.188
2903,40,28.09,0.1905
2904,40,28.119999999999997,0.2105
2905,40,28.15,0.2075
2906,40,28.18,0.184
2907,40,28.209999999999997,0.172
2908,40,28.24,0.185
2909,40,28.27,0.203
2910,40,28.3,0.2055
2911,40,28.33,0.2005
2912,40,28.36,0.205
2913,40,28.39,0.1905
2914,40,28.419999999999998,0.1935
2915,40,28.45,0.199
2916,40,28.48,0.1985
2917,40,28.509999999999998,0.2035
2918,40,28.54,0.2025
2919,40,28.57,0.19
2920,40,28.599999999999998,0.2085
2921,40,28.63,0.192
2922,40,28.66,0.198
2923,40,28.689999999999998,0.193
2924,40,28.72,0.1925
2925,40,28.75,0.1815
2926,40,28.779999999999998,0.1875
2927,40,28.81,0.204
2928,40,28.84,0.1955
2929,40,28.869999999999997,0.1975
2930,40,28.9,0.192
2931,40,28.93,0.199
2932,40,28.959999999999997,0.196
2933,40,28.99,0.1835
2934,40,29.02,0.178
2935,40,29.05,0.193
2936,40,29.08,0.2
2937,40,29.11,0.1865
2938,40,29.14,0.1915
2939,40,29.169999999999998,0.1935
2940,40,29.2,0.205
2941,40,29.23,0.1905
2942,40,29.259999999999998,0.196
2943,40,29.29,0.1965
2944,40,29.32,0.184
2945,40,29.349999999999998,0.1835
2946,40,29.38,0.1895
2947,40,29.41,0.1845
2948,40,29.439999999999998,0.1875
2949,40,29.47,0.197
2950,40,29.5,0.1875
2951,40,29.529999999999998,0.194
2952,40,29.56,0.1915
2953,40,29.59,0.1935
2954,40,29.619999999999997,0.195
2955,40,29.65,0.199
2956,40,29.68,0.198
2957,40,29.709999999999997,0.194
2958,40,29.74,0.1945
2959,40,29.77,0.1915
2960,40,29.799999999999997,0.189
2961,40,29.83,0.181
2962,40,29.86,0.186
2963,40,29.89,0.1935
2964,40,29.919999999999998,0.205
2965,40,29.95,0.1975
2966,40,29.98,0.201
2967,40,30.009999999999998,0.185
2968,40,30.04,0.1985
2969,40,30.07,0.185
2970,40,30.099999999999998,0.193
2971,40,30.13,0.193
2972,40,30.16,0.197
2973,40,30.189999999999998,0.1855
2974,40,30.22,0.189
2975,40,30.25,0.1915
2976,40,30.279999999999998,0.207
2977,40,30.31,0.19
2978,40,30.34,0.1845
2979,40,30.369999999999997,0.1985
2980,40,30.4,0.1785
2981,40,30.43,0.196
2982,40,30.459999999999997,0.169
2983,40,30.49,0.191
2984,40,30.52,0.2055
2985,40,30.549999999999997,0.1755
2986,40,30.58,0.1995
2987,40,30.61,0.1855
2988,40,30.64,0.189
2989,40,30.669999999999998,0.185
2990,40,30.7,0.2015
2991,40,30.73,0.1755
2992,40,30.759999999999998,0.1875
2993,40,30.79,0.1845
2994,40,30.82,0.1875
2995,40,30.849999999999998,0.1915
2996,40,30.88,0.1805
2997,40,30.91,0.1815
2998,40,30.939999999999998,0.206
2999,40,30.97,0.177
3000,60,1.0,0.606
3001,60,1.03,0.5905
3002,60,1.06,0.5765
3003,60,1.09,0.5925
3004,60,1.12,0.5655
3005,60,1.15,0.557
3006,60,1.18,0.5855
3007,60,1.21,0.5515
3008,60,1.24,0.5605
3009,60,1.27,0.572
3010,60,1.3,0.559
3011,60,1.33,0.551
3012,60,1.3599999999999999,0.583
3013,60,1.3900000000000001,0.5525
3014,60,1.42,0.553
3015,60,1.45,0.5385
3016,60,1.48,0.551
3017,60,1.51,0.5485
3018,60,1.54,0.524
3019,60,1.5699999999999998,0.542
3020,60,1.6,0.541
3021,60,1.63,0.5475
3022,60,1.66,0.5395
3023,60,1.69,0.513
3024,60,1.72,0.53
3025,60,1.75,0.5335
3026,60,1.78,0.546
3027,60,1.81,0.5335
3028,60,1.8399999999999999,0.528
3029,60,1.87,0.5105
3030,60,1.9,0.5045
3031,60,1.93,0.516
3032,60,1.96,0.519
3033,60,1.99,0.5145
3034,60,2.02,0.4895
3035,60,2.05,0.5005
3036,60,2.08,0.473
3037,60,2.11,0.501
3038,60,2.1399999999999997,0.5045
3039,60,2.17,0.494
3040,60,2.2,0.503
3041,60,2.23,0.5245
3042,60,2.26,0.4995
3043,60,2.29,0.4795
3044,60,2.32,0.4795
3045,60,2.3499999999999996,0.4835
3046,60,2.38,0.4885
3047,60,2.41,0.475
3048,60,2.44,0.4825
3049,60,2.4699999999999998,0.4825
3050,60,2.5,0.4855
3051,60,2.5300000000000002,0.468
3052,60,2.56,0.474
3053,60,2.59,0.457
3054,60,2.62,0.4745
3055,60,2.65,0.4665
3056,60,2.6799999999999997,0.453
3057,60,2.71,0.4815
3058,60,2.74,0.451
3059,60,2.77,0.4595
3060,60,2.8,0.4755
3061,60,2.83,0.422
3062,60,2.86,0.438
3063,60,2.8899999999999997,0.4415
3064,60,2.92,0.442
3065,60,2.95,0.4345
3066,60,2.98,0.4435
3067,60,3.01,0.456
3068,60,3.04,0.45
3069,60,3.07,0.447
3070,60,3.1,0.436
3071,60,3.13,0.4325
3072,60,3.16,0.4475
3073,60,3.19,0.4465
3074,60,3.2199999999999998,0.4165
3075,60,3.25,0.4375
3076,60,3.28,0.426
3077,60,3.31,0.4265
3078,60,3.34,0.4315
3079,60,3.37,0.4
3080,60,3.4,0.431
3081,60,3.4299999999999997,0.4155
3082,60,3.46,0.3865
3083,60,3.4899999999999998,0.416
3084,60,3.52,0.4155
3085,60,3.55,0.419
3086,60,3.58,0.4125
3087,60,3.61,0.411
3088,60,3.6399999999999997,0.413
3089,60,3.67,0.421
3090,60,3.6999999999999997,0.4
3091,60,3.73,0.413
3092,60,3.76,0.3935
3093,60,3.79,0.4035
3094,60,3.82,0.4055
3095,60,3.85,0.3935
3096,60,3.88,0.4085
3097,60,3.9099999999999997,0.4235
3098,60,3.94,0.3925
3099,60,3.9699999999999998,0.4055
3100,60,4.0,0.4005
3101,60,4.029999999999999,0.399
3102,60,4.0600000000000005,0.3965
3103,60,4.09,0.3835
3104,60,4.12,0.4105
3105,60,4.15,0.405
3106,60,4.18,0.3825
3107,60,4.21,0.402
3108,60,4.24,0.382
3109,60,4.27,0.371
3110,60,4.3,0.393
3111,60,4.33,0.367
3112,60,4.359999999999999,0.3765
3113,60,4.39,0.3665
3114,60,4.42,0.389
3115,60,4.449999999999999,0.3765
3116,60,4.48,0.383
3117,60,4.51,0.369
3118,60,4.54,0.3645
3119,60,4.57,0.367
3120,60,4.6,0.3645
3121,60,4.63,0.366
3122,60,4.66,0.3655
3123,60,4.6899999999999995,0.372
3124,60,4.72,0.373
3125,60,4.75,0.3655
3126,60,4.779999999999999,0.3675
3127,60,4.8100000000000005,0.3595
3128,60,4.84,0.3615
3129,60,4.869999999999999,0.365
3130,60,4.9,0.3615
3131,60,4.93,0.3865
3132,60,4.96,0.3665
3133,60,4.99,0.341
3134,60,5.02,0.375
3135,60,5.05,0.367
3136,60,5.08,0.3495
3137,60,5.109999999999999,0.3375
3138,60,5.14,0.34
3139,60,5.17,0.3355
3140,60,5.2,0.3595
3141,60,5.2299999999999995,0.3455
3142,60,5.26,0.342
3143,60,5.29,0.3475
3144,60,5.32,0.355
3145,60,5.35,0.332
3146,60,5.38,0.346
3147,60,5.41,0.332
3148,60,5.4399999999999995,0.3505
3149,60,5.47,0.346
3150,60,5.5,0.359
3151,60,5.53,0.357
3152,60,5.56,0.329
3153,60,5.59,0.344
3154,60,5.62,0.3375
3155,60,5.6499999999999995,0.3375
3156,60,5.68,0.342
3157,60,5.71,0.321
3158,60,5.74,0.3275
3159,60,5.77,0.332
3160,60,5.8,0.3265
3161,60,5.83,0.33
3162,60,5.859999999999999,0.324
3163,60,5.89,0.3385
3164,60,5.92,0.3215
3165,60,5.95,0.3405
3166,60,5.9799999999999995,0.3265
3167,60,6.01,0.3185
3168,60,6.04,0.346
3169,60,6.069999999999999,0.318
3170,60,6.1,0.329
3171,60,6.13,0.3115
3172,60,6.16,0.3255
3173,60,6.1899999999999995,0.324
3174,60,6.22,0.338
3175,60,6.25,0.332
3176,60,6.279999999999999,0.322
3177,60,6.31,0.307
3178,60,6.34,0.318
3179,60,6.37,0.3125
3180,60,6.3999999999999995,0.2945
3181,60,6.43,0.3025
3182,60,6.46,0.3095
3183,60,6.49,0.3085
3184,60,6.52,0.312
3185,60,6.55,0.3075
3186,60,6.58,0.3015
3187,60,6.609999999999999,0.2955
3188,60,6.64,0.3005
3189,60,6.67,0.3265
3190,60,6.7,0.3055
3191,60,6.7299999999999995,0.306
3192,60,6.76,0.2905
3193,60,6.79,0.3105
3194,60,6.819999999999999,0.304
3195,60,6.85,0.3045
3196,60,6.88,0.3105
3197,60,6.91,0.3155
3198,60,6.9399999999999995,0.29
3199,60,6.97,0.3125
3200,60,7.0,0.2965
3201,60,7.029999999999999,0.2915
3202,60,7.06,0.3075
3203,60,7.09,0.3125
3204,60,7.12,0.3035
3205,60,7.1499999999999995,0.2935
3206,60,7.18,0.3065
3207,60,7.21,0.2755
3208,60,7.24,0.279
3209,60,7.27,0.2995
3210,60,7.3,0.3195
3211,60,7.33,0.302
3212,60,7.359999999999999,0.289
3213,60,7.39,0.299
3214,60,7.42,0.2925
3215,60,7.45,0.3145
3216,60,7.4799999999999995,0.2765
3217,60,7.51,0.306
3218,60,7.54,0.2985
3219,60,7.569999999999999,0.2905
3220,60,7.6,0.276
3221,60,7.63,0.2815
3222,60,7.66,0.268
3223,60,7.6899999999999995,0.2855
3224,60,7.72,0.302
3225,60,7.75,0.2865
3226,60,7.779999999999999,0.276
3227,60,7.81,0.2735
3228,60,7.84,0.2845
3229,60,7.87,0.2875
3230,60,7.8999999999999995,0.2825
3231,60,7.93,0.2875
3232,60,7.96,0.279
3233,60,7.989999999999999,0.2835
3234,60,8.02,0.2605
3235,60,8.05,0.2875
3236,60,8.08,0.297
3237,60,8.11,0.287
3238,60,8.14,0.263
3239,60,8.17,0.277
3240,60,8.2,0.2615
3241,60,8.23,0.271
3242,60,8.26,0.2705
3243,60,8.29,0.279
3244,60,8.32,0.292
3245,60,8.35,0.26
3246,60,8.379999999999999,0.2745
3247,60,8.41,0.286
3248,60,8.44,0.277
3249,60,8.469999999999999,0.2665
3250,60,8.5,0.2855
3251,60,8.53,0.2635
3252,60,8.559999999999999,0.2635
3253,60,8.59,0.2645
3254,60,8.620000000000001,0.272
3255,60,8.649999999999999,0.2935
3256,60,8.68,0.2885
3257,60,8.71,0.282
3258,60,8.739999999999998,0.2695
3259,60,8.77,0.265
3260,60,8.8,0.269
3261,60,8.83,0.2815
3262,60,8.86,0.2525
3263,60,8.89,0.252
3264,60,8.92,0.2675
3265,60,8.95,0.2805
3266,60,8.98,0.2845
3267,60,9.01,0.266
3268,60,9.04,0.2555
3269,60,9.07,0.2675
3270,60,9.1,0.2385
3271,60,9.129999999999999,0.2385
3272,60,9.16,0.256
3273,60,9.19,0.263
3274,60,9.219999999999999,0.2635
3275,60,9.25,0.2575
3276,60,9.28,0.272
3277,60,9.31,0.2575
3278,60,9.34,0.2415
3279,60,9.37,0.2715
3280,60,9.4,0.248
3281,60,9.43,0.2635
3282,60,9.459999999999999,0.255
3283,60,9.49,0.271
3284,60,9.52,0.2405
3285,60,9.549999999999999,0.2565
3286,60,9.58,0.274
3287,60,9.61,0.258
3288,60,9.64,0.2605
3289,60,9.67,0.2415
3290,60,9.7,0.2645
3291,60,9.73,0.2565
3292,60,9.76,0.2595
3293,60,9.79,0.253
3294,60,9.82,0.2685
3295,60,9.85,0.2575
3296,60,9.879999999999999,0.2355
3297,60,9.91,0.2505
3298,60,9.94,0.2565
3299,60,9.969999999999999,0.2415
3300,60,10.0,0.249
3301,60,10.03,0.2545
3302,60,10.06,0.257
3303,60,10.09,0.2585
3304,60,10.12,0.2455
3305,60,10.15,0.2515
3306,60,10.18,0.245
3307,60,10.209999999999999,0.2495
3308,60,10.24,0.2385
3309,60,10.27,0.248
3310,60,10.299999999999999,0.259
3311,60,10.33,0.2655
3312,60,10.36,0.247
3313,60,10.389999999999999,0.2535
3314,60,10.42,0.2445
3315,60,10.45,0.237
3316,60,10.48,0.2395
3317,60,10.51,0.2575
3318,60,10.54,0.253
3319,60,10.57,0.242
3320,60,10.6,0.236
3321,60,10.629999999999999,0.2375
3322,60,10.66,0.2325
3323,60,10.69,0.263
3324,60,10.719999999999999,0.249
3325,60,10.75,0.2445
3326,60,10.78,0.243
3327,60,10.81,0.2545
3328,60,10.84,0.2605
3329,60,10.87,0.219
3330,60,10.9,0.2265
3331,60,10.93,0.2395
3332,60,10.959999999999999,0.2365
3333,60,10.99,0.243
3334,60,11.02,0.2455
3335,60,11.049999999999999,0.2235
3336,60,11.08,0.234
3337,60,11.11,0.2295
3338,60,11.139999999999999,0.259
3339,60,11.17,0.23
3340,60,11.2,0.238
3341,60,11.23,0.2225
3342,60,11.26,0.245
3343,60,11.29,0.251
3344,60,11.32,0.2415
3345,60,11.35,0.233
3346,60,11.379999999999999,0.246
3347,60,11.41,0.2165
3348,60,11.44,0.235
3349,60,11.469999999999999,0.226
3350,60,11.5,0.233
3351,60,11.53,0.2275
3352,60,11.559999999999999,0.2385
3353,60,11.59,0.2165
3354,60,11.62,0.2185
3355,60,11.65,0.2345
3356,60,11.68,0.2315
3357,60,11.709999999999999,0.228
3358,60,11.74,0.227
3359,60,11.77,0.2295
3360,60,11.799999999999999,0.236
3361,60,11.83,0.2185
3362,60,11.86,0.224
3363,60,11.889999999999999,0.232
3364,60,11.92,0.2395
3365,60,11.95,0.2195
3366,60,11.98,0.225
3367,60,12.01,0.234
3368,60,12.04,0.2265
3369,60,12.07,0.234
3370,60,12.1,0.2215
3371,60,12.129999999999999,0.224
3372,60,12.16,0.248
3373,60,12.19,0.223
3374,60,12.219999999999999,0.2205
3375,60,12.25,0.2155
3376,60,12.28,0.2225
3377,60,12.309999999999999,0.2245
3378,60,12.34,0.223
3379,60,12.37,0.2345
3380,60,12.4,0.2375
3381,60,12.43,0.218
3382,60,12.459999999999999,0.2405
3383,60,12.49,0.23
3384,60,12.52,0.227
3385,60,12.549999999999999,0.2195
3386,60,12.58,0.2495
3387,60,12.61,0.2195
3388,60,12.639999999999999,0.2085
3389,60,12.67,0.2175
3390,60,12.7,0.2385
3391,60,12.73,0.2195
3392,60,12.76,0.213
3393,60,12.79,0.214
3394,60,12.82,0.212
3395,60,12.85,0.2165
3396,60,12.879999999999999,0.2115
3397,60,12.91,0.2185
3398,60,12.94,0.2055
3399,60,12.969999999999999,0.223
3400,60,13.0,0.22
3401,60,13.03,0.21
3402,60,13.059999999999999,0.1855
3403,60,13.09,0.2115
3404,60,13.12,0.216
3405,60,13.15,0.232
3406,60,13.18,0.2335
3407,60,13.209999999999999,0.2355
3408,60,13.24,0.215
3409,60,13.27,0.2245
3410,60,13.299999999999999,0.2055
3411,60,13.33,0.206
3412,60,13.36,0.203
3413,60,13.389999999999999,0.214
3414,60,13.42,0.22
3415,60,13.45,0.2345
3416,60,13.48,0.2175
3417,60,13.51,0.1945
3418,60,13.54,0.218
3419,60,13.57,0.2215
3420,60,13.6,0.2125
3421,60,13.629999999999999,0.2135
3422,60,13.66,0.2095
3423,60,13.69,0.2025
3424,60,13.719999999999999,0.213
3425,60,13.75,0.2125
3426,60,13.78,0.2095
3427,60,13.809999999999999,0.214
3428,60,13.84,0.213
3429,60,13.87,0.2085
3430,60,13.9,0.21
3431,60,13.93,0.212
3432,60,13.959999999999999,0.207
3433,60,13.99,0.2055
3434,60,14.02,0.214
3435,60,14.049999999999999,0.228
3436,60,14.08,0.2085
3437,60,14.11,0.212
3438,60,14.139999999999999,0.201
3439,60,14.17,0.189
3440,60,14.2,0.2095
3441,60,14.229999999999999,0.222
3442,60,14.26,0.203
3443,60,14.29,0.2
3444,60,14.32,0.188
3445,60,14.35,0.203
3446,60,14.379999999999999,0.213
3447,60,14.41,0.1985
3448,60,14.44,0.2065
3449,60,14.469999999999999,0.196
3450,60,14.5,0.1945
3451,60,14.53,0.209
3452,60,14.559999999999999,0.21
3453,60,14.59,0.2085
3454,60,14.62,0.196
3455,60,14.65,0.2055
3456,60,14.68,0.204
3457,60,14.709999999999999,0.186
3458,60,14.74,0.202
3459,60,14.77,0.199
3460,60,14.799999999999999,0.2045
3461,60,14.83,0.205
3462,60,14.86,0.207
3463,60,14.889999999999999,0.2
3464,60,14.92,0.2115
3465,60,14.95,0.197
3466,60,14.979999999999999,0.194
3467,60,15.01,0.205
3468,60,15.04,0.217
3469,60,15.07,0.1955
3470,60,15.1,0.203
3471,60,15.129999999999999,0.2015
3472,60,15.16,0.194
3473,60,15.19,0.208
3474,60,15.219999999999999,0.19
3475,60,15.25,0.2255
3476,60,15.28,0.197
3477,60,15.309999999999999,0.19
3478,60,15.34,0.201
3479,60,15.37,0.2
3480,60,15.399999999999999,0.2035
3481,60,15.43,0.198
3482,60,15.459999999999999,0.191
3483,60,15.49,0.192
3484,60,15.52,0.191
3485,60,15.549999999999999,0.188
3486,60,15.58,0.1915
3487,60,15.61,0.181
3488,60,15.639999999999999,0.204
3489,60,15.67,0.1875
3490,60,15.7,0.199
3491,60,15.729999999999999,0.206
3492,60,15.76,0.2045
3493,60,15.79,0.1995
3494,60,15.82,0.184
3495,60,15.85,0.1965
3496,60,15.879999999999999,0.195
3497,60,15.91,0.1815
3498,60,15.94,0.186
3499,60,15.969999999999999,0.1915
3500,60,16.0,0.195
3501,60,16.03,0.175
3502,60,16.06,0.1945
3503,60,16.09,0.1815
3504,60,16.119999999999997,0.19
3505,60,16.15,0.2115
3506,60,16.18,0.198
3507,60,16.21,0.195
3508,60,16.240000000000002,0.1985
3509,60,16.27,0.192
3510,60,16.299999999999997,0.206
3511,60,16.33,0.1925
3512,60,16.36,0.1915
3513,60,16.39,0.192
3514,60,16.42,0.1815
3515,60,16.45,0.174
3516,60,16.479999999999997,0.1855
3517,60,16.509999999999998,0.1875
3518,60,16.54,0.194
3519,60,16.57,0.19
3520,60,16.6,0.1865
3521,60,16.63,0.194
3522,60,16.66,0.1815
3523,60,16.689999999999998,0.199
3524,60,16.72,0.1835
3525,60,16.75,0.1795
3526,60,16.78,0.19
3527,60,16.81,0.195
3528,60,16.84,0.1855
3529,60,16.869999999999997,0.168
3530,60,16.9,0.1905
3531,60,16.93,0.1905
3532,60,16.96,0.171
3533,60,16.990000000000002,0.17
3534,60,17.02,0.1795
3535,60,17.05,0.2055
3536,60,17.08,0.191
3537,60,17.11,0.184
3538,60,17.14,0.1915
3539,60,17.169999999999998,0.186
3540,60,17.2,0.177
3541,60,17.23,0.193
3542,60,17.259999999999998,0.182
3543,60,17.29,0.186
3544,60,17.32,0.1865
3545,60,17.349999999999998,0.1795
3546,60,17.38,0.2025
3547,60,17.41,0.187
3548,60,17.439999999999998,0.181
3549,60,17.47,0.1795
3550,60,17.5,0.1875
3551,60,17.53,0.192
3552,60,17.56,0.195
3553,60,17.59,0.191
3554,60,17.62,0.202
3555,60,17.65,0.182
3556,60,17.68,0.166
3557,60,17.71,0.1675
3558,60,17.74,0.1885
3559,60,17.77,0.1695
3560,60,17.8,0.193
3561,60,17.83,0.184
3562,60,17.86,0.184
3563,60,17.89,0.174
3564,60,17.919999999999998,0.182
3565,60,17.95,0.185
3566,60,17.98,0.1925
3567,60,18.009999999999998,0.172
3568,60,18.04,0.174
3569,60,18.07,0.185
3570,60,18.099999999999998,0.19
3571,60,18.13,0.197
3572,60,18.16,0.187
3573,60,18.189999999999998,0.1605
3574,60,18.22,0.189
3575,60,18.25,0.181
3576,60,18.28,0.168
3577,60,18.31,0.1915
3578,60,18.34,0.185
3579,60,18.37,0.1705
3580,60,18.4,0.181
3581,60,18.43,0.1725
3582,60,18.46,0.17
3583,60,18.49,0.1755
3584,60,18.52,0.1665
3585,60,18.55,0.174
3586,60,18.58,0.1675
3587,60,18.61,0.187
3588,60,18.64,0.181
3589,60,18.669999999999998,0.177
3590,60,18.7,0.1725
3591,60,18.73,0.1945
3592,60,18.759999999999998,0.173
3593,60,18.79,0.1885
3594,60,18.82,0.181
3595,60,18.849999999999998,0.159
3596,60,18.88,0.1835
3597,60,18.91,0.186
3598,60,18.939999999999998,0.178
3599,60,18.97,0.1975
3600,60,19.0,0.211
3601,60,19.029999999999998,0.187
3602,60,19.06,0.177
3603,60,19.09,0.1635
3604,60,19.12,0.1775
3605,60,19.15,0.1835
3606,60,19.18,0.1785
3607,60,19.21,0.174
3608,60,19.24,0.1625
3609,60,19.27,0.1765
3610,60,19.3,0.174
3611,60,19.33,0.186
3612,60,19.36,0.168
3613,60,19.39,0.168
3614,60,19.419999999999998,0.1695
3615,60,19.45,0.179
3616,60,19.48,0.178
3617,60,19.509999999999998,0.173
3618,60,19.54,0.1885
3619,60,19.57,0.171
3620,60,19.599999999999998,0.185
3621,60,19.63,0.182
3622,60,19.66,0.176
3623,60,19.689999999999998,0.174
3624,60,19.72,0.188
3625,60,19.75,0.1795
3626,60,19.779999999999998,0.1905
3627,60,19.81,0.1695
3628,60,19.84,0.1615
3629,60,19.87,0.162
3630,60,19.9,0.1675
3631,60,19.93,0.1715
3632,60,19.96,0.187
3633,60,19.99,0.189
3634,60,20.02,0.1775
3635,60,20.05,0.178
3636,60,20.08,0.162
3637,60,20.11,0.1735
3638,60,20.14,0.175
3639,60,20.169999999999998,0.16
3640,60,20.2,0.1645
3641,60,20.23,0.192
3642,60,20.259999999999998,0.1625
3643,60,20.29,0.183
3644,60,20.32,0.18
3645,60,20.349999999999998,0.1775
3646,60,20.38,0.1755
3647,60,20.41,0.1765
3648,60,20.439999999999998,0.175
3649,60,20.47,0.1765
3650,60,20.5,0.1745
3651,60,20.529999999999998,0.18
3652,60,20.56,0.1725
3653,60,20.59,0.1745
3654,60,20.62,0.186
3655,60,20.65,0.1675
3656,60,20.68,0.1655
3657,60,20.71,0.1745
3658,60,20.74,0.1765
3659,60,20.77,0.1665
3660,60,20.8,0.178
3661,60,20.83,0.1825
3662,60,20.86,0.168
3663,60,20.89,0.167
3664,60,20.919999999999998,0.165
3665,60,20.95,0.1685
3666,60,20.98,0.149
3667,60,21.009999999999998,0.164
3668,60,21.04,0.1715
3669,60,21.07,0.1565
3670,60,21.099999999999998,0.154
3671,60,21.13,0.164
3672,60,21.16,0.1735
3673,60,21.189999999999998,0.1745
3674,60,21.22,0.167
3675,60,21.25,0.1765
3676,60,21.279999999999998,0.177
3677,60,21.31,0.1635
3678,60,21.34,0.161
3679,60,21.37,0.1785
3680,60,21.4,0.163
3681,60,21.43,0.166
3682,60,21.46,0.151
3683,60,21.49,0.164
3684,60,21.52,0.1615
3685,60,21.55,0.173
3686,60,21.58,0.1685
3687,60,21.61,0.167
3688,60,21.64,0.1715
3689,60,21.669999999999998,0.1735
3690,60,21.7,0.156
3691,60,21.73,0.17
3692,60,21.759999999999998,0.1785
3693,60,21.79,0.1735
3694,60,21.82,0.164
3695,60,21.849999999999998,0.1615
3696,60,21.88,0.1525
3697,60,21.91,0.168
3698,60,21.939999999999998,0.1845
3699,60,21.97,0.165
3700,60,22.0,0.1695
3701,60,22.029999999999998,0.149
3702,60,22.06,0.158
3703,60,22.09,0.1615
3704,60,22.119999999999997,0.17
3705,60,22.15,0.1735
3706,60,22.18,0.177
3707,60,22.21,0.151
3708,60,22.24,0.1595
3709,60,22.27,0.1685
3710,60,22.3,0.166
3711,60,22.33,0.163
3712,60,22.36,0.1585
3713,60,22.39,0.161
3714,60,22.419999999999998,0.1605
3715,60,22.45,0.173
3716,60,22.48,0.1685
3717,60,22.509999999999998,0.158
3718,60,22.54,0.1575
3719,60,22.57,0.1685
3720,60,22.599999999999998,0.157
3721,60,22.63,0.1655
3722,60,22.66,0.1655
3723,60,22.689999999999998,0.156
3724,60,22.72,0.162
3725,60,22.75,0.167
3726,60,22.779999999999998,0.1625
3727,60,22.81,0.1705
3728,60,22.84,0.18
3729,60,22.869999999999997,0.1665
3730,60,22.9,0.161
3731,60,22.93,0.1575
3732,60,22.96,0.1665
3733,60,22.99,0.1655
3734,60,23.02,0.1645
3735,60,23.05,0.1635
3736,60,23.08,0.1525
3737,60,23.11,0.1615
3738,60,23.14,0.1615
3739,60,23.169999999999998,0.171
3740,60,23.2,0.153
3741,60,23.23,0.1655
3742,60,23.259999999999998,0.1565
3743,60,23.29,0.169
3744,60,23.32,0.169
3745,60,23.349999999999998,0.156
3746,60,23.38,0.1645
3747,60,23.41,0.168
3748,60,23.439999999999998,0.1575
3749,60,23.47,0.162
3750,60,23.5,0.151
3751,60,23.529999999999998,0.1535
3752,60,23.56,0.1645
3753,60,23.59,0.1515
3754,60,23.619999999999997,0.1565
3755,60,23.65,0.163
3756,60,23.68,0.1625
3757,60,23.71,0.1605
3758,60,23.74,0.1675
3759,60,23.77,0.1555
3760,60,23.8,0.154
3761,60,23.83,0.1665
3762,60,23.86,0.161
3763,60,23.89,0.159
3764,60,23.919999999999998,0.151
3765,60,23.95,0.1585
3766,60,23.98,0.1445
3767,60,24.009999999999998,0.155
3768,60,24.04,0.1605
3769,60,24.07,0.168
3770,60,24.099999999999998,0.172
3771,60,24.13,0.1765
3772,60,24.16,0.164
3773,60,24.189999999999998,0.161
3774,60,24.22,0.16
3775,60,24.25,0.155
3776,60,24.279999999999998,0.1675
3777,60,24.31,0.165
3778,60,24.34,0.179
3779,60,24.369999999999997,0.1475
3780,60,24.4,0.1485
3781,60,24.43,0.1595
3782,60,24.46,0.1625
3783,60,24.49,0.1425
3784,60,24.52,0.1555
3785,60,24.55,0.156
3786,60,24.58,0.1605
3787,60,24.61,0.165
3788,60,24.64,0.1605
3789,60,24.669999999999998,0.147
3790,60,24.7,0.1435
3791,60,24.73,0.165
3792,60,24.759999999999998,0.1565
3793,60,24.79,0.1535
3794,60,24.82,0.1615
3795,60,24.849999999999998,0.163
3796,60,24.88,0.1575
3797,60,24.91,0.172
3798,60,24.939999999999998,0.154
3799,60,24.97,0.1525
3800,60,25.0,0.1615
3801,60,25.029999999999998,0.1455
3802,60,25.06,0.1475
3803,60,25.09,0.1635
3804,60,25.119999999999997,0.155
3805,60,25.15,0.1465
3806,60,25.18,0.1715
3807,60,25.21,0.152
3808,60,25.24,0.1725
3809,60,25.27,0.1585
3810,60,25.3,0.155
3811,60,25.33,0.151
3812,60,25.36,0.1585
3813,60,25.39,0.1565
3814,60,25.419999999999998,0.163
3815,60,25.45,0.155
3816,60,25.48,0.1605
3817,60,25.509999999999998,0.1625
3818,60,25.54,0.1525
3819,60,25.57,0.1645
3820,60,25.599999999999998,0.153
3821,60,25.63,0.1575
3822,60,25.66,0.14
3823,60,25.689999999999998,0.1645
3824,60,25.72,0.1505
3825,60,25.75,0.1665
3826,60,25.779999999999998,0.152
3827,60,25.81,0.1485
3828,60,25.84,0.152
3829,60,25.869999999999997,0.1415
3830,60,25.9,0.1515
3831,60,25.93,0.1585
3832,60,25.96,0.155
3833,60,25.99,0.159
3834,60,26.02,0.1475
3835,60,26.05,0.1565
3836,60,26.08,0.147
3837,60,26.11,0.143
3838,60,26.14,0.157
3839,60,26.169999999999998,0.1585
3840,60,26.2,0.15
3841,60,26.23,0.1515
3842,60,26.259999999999998,0.1535
3843,60,26.29,0.142
3844,60,26.32,0.1495
3845,60,26.349999999999998,0.1565
3846,60,26.38,0.158
3847,60,26.41,0.144
3848,60,26.439999999999998,0.1435
3849,60,26.47,0.153
3850,60,26.5,0.1525
3851,60,26.529999999999998,0.1375
3852,60,26.56,0.1445
3853,60,26.59,0.1505
3854,60,26.619999999999997,0.1705
3855,60,26.65,0.144
3856,60,26.68,0.1505
3857,60,26.709999999999997,0.146
3858,60,26.74,0.1585
3859,60,26.77,0.1585
3860,60,26.8,0.139
3861,60,26.83,0.153
3862,60,26.86,0.152
3863,60,26.89,0.1605
3864,60,26.919999999999998,0.1435
3865,60,26.95,0.1475
3866,60,26.98,0.1485
3867,60,27.009999999999998,0.1605
3868,60,27.04,0.139
3869,60,27.07,0.159
3870,60,27.099999999999998,0.15
3871,60,27.13,0.141
3872,60,27.16,0.162
3873,60,27.189999999999998,0.1385
3874,60,27.22,0.168
3875,60,27.25,0.1545
3876,60,27.279999999999998,0.149
3877,60,27.31,0.1445
3878,60,27.34,0.1455
3879,60,27.369999999999997,0.1425
3880,60,27.4,0.1525
3881,60,27.43,0.1545
3882,60,27.459999999999997,0.151
3883,60,27.49,0.1605
3884,60,27.52,0.1685
3885,60,27.55,0.1455
3886,60,27.58,0.149
3887,60,27.61,0.156
3888,60,27.64,0.1595
3889,60,27.669999999999998,0.1425
3890,60,27.7,0.1365
3891,60,27.73,0.147
3892,60,27.759999999999998,0.1555
3893,60,27.79,0.145
3894,60,27.82,0.1525
3895,60,27.849999999999998,0.1375
3896,60,27.88,0.15
3897,60,27.91,0.166
3898,60,27.939999999999998,0.1415
3899,60,27.97,0.146
3900,60,28.0,0.154
3901,60,28.029999999999998,0.1475
3902,60,28.06,0.14
3903,60,28.09,0.143
3904,60,28.119999999999997,0.1535
3905,60,28.15,0.1555
3906,60,28.18,0.158
3907,60,28.209999999999997,0.149
3908,60,28.24,0.157
3909,60,28.27,0.15
3910,60,28.3,0.148
3911,60,28.33,0.153
3912,60,28.36,0.144
3913,60,28.39,0.1665
3914,60,28.419999999999998,0.135
3915,60,28.45,0.133
3916,60,28.48,0.148
3917,60,28.509999999999998,0.1515
3918,60,28.54,0.1455
3919,60,28.57,0.1575
3920,60,28.599999999999998,0.1505
3921,60,28.63,0.1565
3922,60,28.66,0.142
3923,60,28.689999999999998,0.1355
3924,60,28.72,0.1345
3925,60,28.75,0.1485
3926,60,28.779999999999998,0.146
3927,60,28.81,0.1565
3928,60,28.84,0.1335
3929,60,28.869999999999997,0.1405
3930,60,28.9,0.1285
3931,60,28.93,0.1475
3932,60,28.959999999999997,0.1435
3933,60,28.99,0.147
3934,60,29.02,0.1415
3935,60,29.05,0.146
3936,60,29.08,0.16
3937,60,29.11,0.148
3938,60,29.14,0.1395
3939,60,29.169999999999998,0.157
3940,60,29.2,0.1545
3941,60,29.23,0.1565
3942,60,29.259999999999998,0.157
3943,60,29.29,0.1475
3944,60,29.32,0.1375
3945,60,29.349999999999998,0.1515
3946,60,29.38,0.1515
3947,60,29.41,0.1485
3948,60,29.439999999999998,0.1665
3949,60,29.47,0.1575
3950,60,29.5,0.147
3951,60,29.529999999999998,0.1395
3952,60,29.56,0.138
3953,60,29.59,0.1425
3954,60,29.619999999999997,0.1435
3955,60,29.65,0.135
3956,60,29.68,0.144
3957,60,29.709999999999997,0.152
3958,60,29.74,0.1625
3959,60,29.77,0.1545
3960,60,29.799999999999997,0.1355
3961,60,29.83,0.14
3962,60,29.86,0.1495
3963,60,29.89,0.14
3964,60,29.919999999999998,0.1325
3965,60,29.95,0.139
3966,60,29.98,0.151
3967,60,30.009999999999998,0.1605
3968,60,30.04,0.144
3969,60,30.07,0.156
3970,60,30.099999999999998,0.1505
3971,60,30.13,0.154
3972,60,30.16,0.1455
3973,60,30.189999999999998,0.1485
3974,60,30.22,0.1415
3975,60,30.25,0.1535
3976,60,30.279999999999998,0.149
3977,60,30.31,0.1405
3978,60,30.34,0.1405
3979,60,30.369999999999997,0.1305
3980,60,30.4,0.143
3981,60,30.43,0.145
3982,60,30.459999999999997,0.1405
3983,60,30.49,0.155
3984,60,30.52,0.1365
3985,60,30.549999999999997,0.133
3986,60,30.58,0.1505
3987,60,30.61,0.1245
3988,60,30.64,0.151
3989,60,30.669999999999998,0.1285
3990,60,30.7,0.136
3991,60,30.73,0.1285
3992,60,30.759999999999998,0.1335
3993,60,30.79,0.14
3994,60,30.82,0.145
3995,60,30.849999999999998,0.1465
3996,60,30.88,0.1485
3997,60,30.91,0.139
3998,60,30.939999999999998,0.1475
3999,60,30.97,0.1345
