,muh,mux,success_rate
0,0.0,0.0,0.762
1,0.0,0.1,0.812
2,0.0,0.2,0.794
3,0.0,0.3,0.734
4,0.0,0.4,0.732
5,0.0,0.5,0.708
6,0.0,0.6,0.718
7,0.0,0.7,0.71
8,0.0,0.8,0.71
9,0.0,0.9,0.72
10,0.0,1.0,0.734
11,0.0,1.1,0.744
12,0.0,1.2,0.74
13,0.0,1.3,0.682
14,0.0,1.4,0.658
15,0.0,1.5,0.618
16,0.0,1.6,0.57
17,0.0,1.7,0.506
18,0.0,1.8,0.478
19,0.0,1.9,0.432
20,0.0,2.0,0.356
21,0.0,2.1,0.36
22,0.0,2.2,0.332
23,0.0,2.3,0.278
24,0.0,2.4,0.298
25,0.0,2.5,0.266
26,0.0,2.6,0.21
27,0.0,2.7,0.232
28,0.0,2.8,0.196
29,0.0,2.9,0.2
30,0.0,3.0,0.178
31,0.0,3.1,0.162
32,0.0,3.2,0.156
33,0.0,3.3,0.15
34,0.0,3.4,0.122
35,0.0,3.5,0.106
36,0.0,3.6,0.116
37,0.0,3.7,0.12
38,0.0,3.8,0.132
39,0.0,3.9,0.114
40,0.0,4.0,0.094
41,0.0,4.1,0.106
42,0.0,4.2,0.07
43,0.0,4.3,0.13
44,0.0,4.4,0.102
45,0.0,4.5,0.094
46,0.0,4.6,0.098
47,0.0,4.7,0.114
48,0.0,4.8,0.116
49,0.0,4.9,0.094
50,0.0,5.0,0.114
51,0.1,0.0,0.76
52,0.1,0.1,0.768
53,0.1,0.2,0.79
54,0.1,0.3,0.77
55,0.1,0.4,0.758
56,0.1,0.5,0.78
57,0.1,0.6,0.75
58,0.1,0.7,0.684
59,0.1,0.8,0.696
60,0.1,0.9,0.734
61,0.1,1.0,0.726
62,0.1,1.1,0.702
63,0.1,1.2,0.754
64,0.1,1.3,0.752
65,0.1,1.4,0.718
66,0.1,1.5,0.672
67,0.1,1.6,0.596
68,0.1,1.7,0.526
69,0.1,1.8,0.518
70,0.1,1.9,0.446
71,0.1,2.0,0.414
72,0.1,2.1,0.374
73,0.1,2.2,0.368
74,0.1,2.3,0.306
75,0.1,2.4,0.29
76,0.1,2.5,0.288
77,0.1,2.6,0.246
78,0.1,2.7,0.21
79,0.1,2.8,0.198
80,0.1,2.9,0.184
81,0.1,3.0,0.202
82,0.1,3.1,0.184
83,0.1,3.2,0.156
84,0.1,3.3,0.15
85,0.1,3.4,0.146
86,0.1,3.5,0.16
87,0.1,3.6,0.136
88,0.1,3.7,0.122
89,0.1,3.8,0.12
90,0.1,3.9,0.104
91,0.1,4.0,0.104
92,0.1,4.1,0.094
93,0.1,4.2,0.094
94,0.1,4.3,0.084
95,0.1,4.4,0.098
96,0.1,4.5,0.088
97,0.1,4.6,0.106
98,0.1,4.7,0.128
99,0.1,4.8,0.124
100,0.1,4.9,0.118
101,0.1,5.0,0.098
102,0.2,0.0,0.786
103,0.2,0.1,0.786
104,0.2,0.2,0.784
105,0.2,0.3,0.788
106,0.2,0.4,0.794
107,0.2,0.5,0.772
108,0.2,0.6,0.704
109,0.2,0.7,0.74
110,0.2,0.8,0.696
111,0.2,0.9,0.696
112,0.2,1.0,0.718
113,0.2,1.1,0.71
114,0.2,1.2,0.714
115,0.2,1.3,0.742
116,0.2,1.4,0.706
117,0.2,1.5,0.67
118,0.2,1.6,0.662
119,0.2,1.7,0.602
120,0.2,1.8,0.532
121,0.2,1.9,0.548
122,0.2,2.0,0.468
123,0.2,2.1,0.402
124,0.2,2.2,0.406
125,0.2,2.3,0.37
126,0.2,2.4,0.302
127,0.2,2.5,0.29
128,0.2,2.6,0.284
129,0.2,2.7,0.24
130,0.2,2.8,0.24
131,0.2,2.9,0.178
132,0.2,3.0,0.202
133,0.2,3.1,0.224
134,0.2,3.2,0.174
135,0.2,3.3,0.14
136,0.2,3.4,0.182
137,0.2,3.5,0.168
138,0.2,3.6,0.146
139,0.2,3.7,0.16
140,0.2,3.8,0.124
141,0.2,3.9,0.142
142,0.2,4.0,0.11
143,0.2,4.1,0.118
144,0.2,4.2,0.104
145,0.2,4.3,0.108
146,0.2,4.4,0.11
147,0.2,4.5,0.084
148,0.2,4.6,0.086
149,0.2,4.7,0.096
150,0.2,4.8,0.108
151,0.2,4.9,0.1
152,0.2,5.0,0.128
153,0.3,0.0,0.778
154,0.3,0.1,0.744
155,0.3,0.2,0.78
156,0.3,0.3,0.78
157,0.3,0.4,0.792
158,0.3,0.5,0.79
159,0.3,0.6,0.76
160,0.3,0.7,0.746
161,0.3,0.8,0.728
162,0.3,0.9,0.698
163,0.3,1.0,0.68
164,0.3,1.1,0.688
165,0.3,1.2,0.676
166,0.3,1.3,0.742
167,0.3,1.4,0.788
168,0.3,1.5,0.742
169,0.3,1.6,0.714
170,0.3,1.7,0.676
171,0.3,1.8,0.592
172,0.3,1.9,0.558
173,0.3,2.0,0.492
174,0.3,2.1,0.45
175,0.3,2.2,0.462
176,0.3,2.3,0.356
177,0.3,2.4,0.336
178,0.3,2.5,0.328
179,0.3,2.6,0.278
180,0.3,2.7,0.294
181,0.3,2.8,0.218
182,0.3,2.9,0.224
183,0.3,3.0,0.194
184,0.3,3.1,0.212
185,0.3,3.2,0.184
186,0.3,3.3,0.164
187,0.3,3.4,0.152
188,0.3,3.5,0.152
189,0.3,3.6,0.158
190,0.3,3.7,0.14
191,0.3,3.8,0.156
192,0.3,3.9,0.132
193,0.3,4.0,0.112
194,0.3,4.1,0.096
195,0.3,4.2,0.112
196,0.3,4.3,0.094
197,0.3,4.4,0.106
198,0.3,4.5,0.12
199,0.3,4.6,0.134
200,0.3,4.7,0.112
201,0.3,4.8,0.12
202,0.3,4.9,0.066
203,0.3,5.0,0.092
204,0.4,0.0,0.774
205,0.4,0.1,0.78
206,0.4,0.2,0.778
207,0.4,0.3,0.818
208,0.4,0.4,0.762
209,0.4,0.5,0.794
210,0.4,0.6,0.778
211,0.4,0.7,0.766
212,0.4,0.8,0.744
213,0.4,0.9,0.734
214,0.4,1.0,0.726
215,0.4,1.1,0.69
216,0.4,1.2,0.686
217,0.4,1.3,0.706
218,0.4,1.4,0.742
219,0.4,1.5,0.736
220,0.4,1.6,0.72
221,0.4,1.7,0.724
222,0.4,1.8,0.656
223,0.4,1.9,0.628
224,0.4,2.0,0.584
225,0.4,2.1,0.502
226,0.4,2.2,0.446
227,0.4,2.3,0.408
228,0.4,2.4,0.37
229,0.4,2.5,0.348
230,0.4,2.6,0.298
231,0.4,2.7,0.318
232,0.4,2.8,0.294
233,0.4,2.9,0.27
234,0.4,3.0,0.208
235,0.4,3.1,0.198
236,0.4,3.2,0.234
237,0.4,3.3,0.176
238,0.4,3.4,0.2
239,0.4,3.5,0.192
240,0.4,3.6,0.164
241,0.4,3.7,0.156
242,0.4,3.8,0.128
243,0.4,3.9,0.138
244,0.4,4.0,0.106
245,0.4,4.1,0.124
246,0.4,4.2,0.126
247,0.4,4.3,0.126
248,0.4,4.4,0.106
249,0.4,4.5,0.126
250,0.4,4.6,0.124
251,0.4,4.7,0.114
252,0.4,4.8,0.094
253,0.4,4.9,0.104
254,0.4,5.0,0.094
255,0.5,0.0,0.754
256,0.5,0.1,0.752
257,0.5,0.2,0.764
258,0.5,0.3,0.764
259,0.5,0.4,0.76
260,0.5,0.5,0.77
261,0.5,0.6,0.796
262,0.5,0.7,0.79
263,0.5,0.8,0.76
264,0.5,0.9,0.754
265,0.5,1.0,0.716
266,0.5,1.1,0.714
267,0.5,1.2,0.684
268,0.5,1.3,0.696
269,0.5,1.4,0.712
270,0.5,1.5,0.744
271,0.5,1.6,0.786
272,0.5,1.7,0.732
273,0.5,1.8,0.7
274,0.5,1.9,0.664
275,0.5,2.0,0.588
276,0.5,2.1,0.538
277,0.5,2.2,0.512
278,0.5,2.3,0.448
279,0.5,2.4,0.426
280,0.5,2.5,0.4
281,0.5,2.6,0.342
282,0.5,2.7,0.276
283,0.5,2.8,0.296
284,0.5,2.9,0.232
285,0.5,3.0,0.242
286,0.5,3.1,0.236
287,0.5,3.2,0.182
288,0.5,3.3,0.23
289,0.5,3.4,0.152
290,0.5,3.5,0.156
291,0.5,3.6,0.156
292,0.5,3.7,0.15
293,0.5,3.8,0.17
294,0.5,3.9,0.152
295,0.5,4.0,0.166
296,0.5,4.1,0.138
297,0.5,4.2,0.14
298,0.5,4.3,0.106
299,0.5,4.4,0.126
300,0.5,4.5,0.114
301,0.5,4.6,0.098
302,0.5,4.7,0.106
303,0.5,4.8,0.092
304,0.5,4.9,0.126
305,0.5,5.0,0.092
306,0.6,0.0,0.774
307,0.6,0.1,0.748
308,0.6,0.2,0.752
309,0.6,0.3,0.764
310,0.6,0.4,0.768
311,0.6,0.5,0.77
312,0.6,0.6,0.78
313,0.6,0.7,0.782
314,0.6,0.8,0.812
315,0.6,0.9,0.716
316,0.6,1.0,0.738
317,0.6,1.1,0.73
318,0.6,1.2,0.708
319,0.6,1.3,0.7
320,0.6,1.4,0.672
321,0.6,1.5,0.706
322,0.6,1.6,0.708
323,0.6,1.7,0.696
324,0.6,1.8,0.712
325,0.6,1.9,0.694
326,0.6,2.0,0.64
327,0.6,2.1,0.586
328,0.6,2.2,0.564
329,0.6,2.3,0.484
330,0.6,2.4,0.458
331,0.6,2.5,0.452
332,0.6,2.6,0.376
333,0.6,2.7,0.374
334,0.6,2.8,0.306
335,0.6,2.9,0.332
336,0.6,3.0,0.246
337,0.6,3.1,0.224
338,0.6,3.2,0.24
339,0.6,3.3,0.192
340,0.6,3.4,0.19
341,0.6,3.5,0.198
342,0.6,3.6,0.166
343,0.6,3.7,0.198
344,0.6,3.8,0.134
345,0.6,3.9,0.156
346,0.6,4.0,0.114
347,0.6,4.1,0.148
348,0.6,4.2,0.14
349,0.6,4.3,0.11
350,0.6,4.4,0.144
351,0.6,4.5,0.122
352,0.6,4.6,0.122
353,0.6,4.7,0.096
354,0.6,4.8,0.08
355,0.6,4.9,0.116
356,0.6,5.0,0.11
357,0.7,0.0,0.766
358,0.7,0.1,0.776
359,0.7,0.2,0.752
360,0.7,0.3,0.772
361,0.7,0.4,0.742
362,0.7,0.5,0.744
363,0.7,0.6,0.786
364,0.7,0.7,0.756
365,0.7,0.8,0.774
366,0.7,0.9,0.772
367,0.7,1.0,0.76
368,0.7,1.1,0.746
369,0.7,1.2,0.746
370,0.7,1.3,0.714
371,0.7,1.4,0.742
372,0.7,1.5,0.72
373,0.7,1.6,0.7
374,0.7,1.7,0.722
375,0.7,1.8,0.736
376,0.7,1.9,0.716
377,0.7,2.0,0.682
378,0.7,2.1,0.648
379,0.7,2.2,0.586
380,0.7,2.3,0.564
381,0.7,2.4,0.494
382,0.7,2.5,0.454
383,0.7,2.6,0.452
384,0.7,2.7,0.34
385,0.7,2.8,0.364
386,0.7,2.9,0.34
387,0.7,3.0,0.294
388,0.7,3.1,0.232
389,0.7,3.2,0.264
390,0.7,3.3,0.224
391,0.7,3.4,0.216
392,0.7,3.5,0.174
393,0.7,3.6,0.17
394,0.7,3.7,0.18
395,0.7,3.8,0.148
396,0.7,3.9,0.138
397,0.7,4.0,0.168
398,0.7,4.1,0.112
399,0.7,4.2,0.112
400,0.7,4.3,0.116
401,0.7,4.4,0.124
402,0.7,4.5,0.132
403,0.7,4.6,0.112
404,0.7,4.7,0.108
405,0.7,4.8,0.11
406,0.7,4.9,0.096
407,0.7,5.0,0.122
408,0.8,0.0,0.798
409,0.8,0.1,0.76
410,0.8,0.2,0.78
411,0.8,0.3,0.758
412,0.8,0.4,0.754
413,0.8,0.5,0.732
414,0.8,0.6,0.738
415,0.8,0.7,0.792
416,0.8,0.8,0.77
417,0.8,0.9,0.796
418,0.8,1.0,0.81
419,0.8,1.1,0.752
420,0.8,1.2,0.702
421,0.8,1.3,0.684
422,0.8,1.4,0.734
423,0.8,1.5,0.702
424,0.8,1.6,0.718
425,0.8,1.7,0.704
426,0.8,1.8,0.754
427,0.8,1.9,0.766
428,0.8,2.0,0.74
429,0.8,2.1,0.66
430,0.8,2.2,0.648
431,0.8,2.3,0.596
432,0.8,2.4,0.582
433,0.8,2.5,0.516
434,0.8,2.6,0.46
435,0.8,2.7,0.388
436,0.8,2.8,0.404
437,0.8,2.9,0.34
438,0.8,3.0,0.304
439,0.8,3.1,0.296
440,0.8,3.2,0.27
441,0.8,3.3,0.242
442,0.8,3.4,0.206
443,0.8,3.5,0.214
444,0.8,3.6,0.186
445,0.8,3.7,0.168
446,0.8,3.8,0.19
447,0.8,3.9,0.158
448,0.8,4.0,0.132
449,0.8,4.1,0.168
450,0.8,4.2,0.144
451,0.8,4.3,0.12
452,0.8,4.4,0.15
453,0.8,4.5,0.108
454,0.8,4.6,0.124
455,0.8,4.7,0.12
456,0.8,4.8,0.09
457,0.8,4.9,0.102
458,0.8,5.0,0.114
459,0.9,0.0,0.764
460,0.9,0.1,0.772
461,0.9,0.2,0.776
462,0.9,0.3,0.736
463,0.9,0.4,0.746
464,0.9,0.5,0.754
465,0.9,0.6,0.796
466,0.9,0.7,0.79
467,0.9,0.8,0.8
468,0.9,0.9,0.79
469,0.9,1.0,0.794
470,0.9,1.1,0.79
471,0.9,1.2,0.786
472,0.9,1.3,0.74
473,0.9,1.4,0.728
474,0.9,1.5,0.726
475,0.9,1.6,0.714
476,0.9,1.7,0.694
477,0.9,1.8,0.716
478,0.9,1.9,0.73
479,0.9,2.0,0.746
480,0.9,2.1,0.734
481,0.9,2.2,0.698
482,0.9,2.3,0.662
483,0.9,2.4,0.612
484,0.9,2.5,0.53
485,0.9,2.6,0.514
486,0.9,2.7,0.472
487,0.9,2.8,0.466
488,0.9,2.9,0.424
489,0.9,3.0,0.374
490,0.9,3.1,0.336
491,0.9,3.2,0.298
492,0.9,3.3,0.206
493,0.9,3.4,0.24
494,0.9,3.5,0.23
495,0.9,3.6,0.266
496,0.9,3.7,0.21
497,0.9,3.8,0.168
498,0.9,3.9,0.168
499,0.9,4.0,0.166
500,0.9,4.1,0.158
501,0.9,4.2,0.146
502,0.9,4.3,0.156
503,0.9,4.4,0.134
504,0.9,4.5,0.126
505,0.9,4.6,0.128
506,0.9,4.7,0.116
507,0.9,4.8,0.116
508,0.9,4.9,0.116
509,0.9,5.0,0.092
510,1.0,0.0,0.802
511,1.0,0.1,0.774
512,1.0,0.2,0.766
513,1.0,0.3,0.746
514,1.0,0.4,0.766
515,1.0,0.5,0.776
516,1.0,0.6,0.76
517,1.0,0.7,0.754
518,1.0,0.8,0.756
519,1.0,0.9,0.736
520,1.0,1.0,0.812
521,1.0,1.1,0.786
522,1.0,1.2,0.8
523,1.0,1.3,0.73
524,1.0,1.4,0.75
525,1.0,1.5,0.71
526,1.0,1.6,0.686
527,1.0,1.7,0.7
528,1.0,1.8,0.672
529,1.0,1.9,0.714
530,1.0,2.0,0.758
531,1.0,2.1,0.718
532,1.0,2.2,0.726
533,1.0,2.3,0.674
534,1.0,2.4,0.684
535,1.0,2.5,0.616
536,1.0,2.6,0.53
537,1.0,2.7,0.528
538,1.0,2.8,0.47
539,1.0,2.9,0.432
540,1.0,3.0,0.36
541,1.0,3.1,0.298
542,1.0,3.2,0.288
543,1.0,3.3,0.29
544,1.0,3.4,0.242
545,1.0,3.5,0.254
546,1.0,3.6,0.198
547,1.0,3.7,0.204
548,1.0,3.8,0.212
549,1.0,3.9,0.208
550,1.0,4.0,0.202
551,1.0,4.1,0.17
552,1.0,4.2,0.156
553,1.0,4.3,0.13
554,1.0,4.4,0.134
555,1.0,4.5,0.164
556,1.0,4.6,0.114
557,1.0,4.7,0.114
558,1.0,4.8,0.102
559,1.0,4.9,0.12
560,1.0,5.0,0.1
561,1.1,0.0,0.774
562,1.1,0.1,0.762
563,1.1,0.2,0.754
564,1.1,0.3,0.768
565,1.1,0.4,0.768
566,1.1,0.5,0.79
567,1.1,0.6,0.75
568,1.1,0.7,0.76
569,1.1,0.8,0.768
570,1.1,0.9,0.756
571,1.1,1.0,0.748
572,1.1,1.1,0.78
573,1.1,1.2,0.788
574,1.1,1.3,0.78
575,1.1,1.4,0.736
576,1.1,1.5,0.694
577,1.1,1.6,0.738
578,1.1,1.7,0.736
579,1.1,1.8,0.726
580,1.1,1.9,0.678
581,1.1,2.0,0.736
582,1.1,2.1,0.734
583,1.1,2.2,0.782
584,1.1,2.3,0.746
585,1.1,2.4,0.718
586,1.1,2.5,0.672
587,1.1,2.6,0.622
588,1.1,2.7,0.566
589,1.1,2.8,0.526
590,1.1,2.9,0.46
591,1.1,3.0,0.442
592,1.1,3.1,0.386
593,1.1,3.2,0.336
594,1.1,3.3,0.318
595,1.1,3.4,0.284
596,1.1,3.5,0.272
597,1.1,3.6,0.242
598,1.1,3.7,0.192
599,1.1,3.8,0.228
600,1.1,3.9,0.206
601,1.1,4.0,0.228
602,1.1,4.1,0.208
603,1.1,4.2,0.154
604,1.1,4.3,0.164
605,1.1,4.4,0.16
606,1.1,4.5,0.15
607,1.1,4.6,0.128
608,1.1,4.7,0.114
609,1.1,4.8,0.104
610,1.1,4.9,0.16
611,1.1,5.0,0.114
612,1.2,0.0,0.748
613,1.2,0.1,0.794
614,1.2,0.2,0.774
615,1.2,0.3,0.784
616,1.2,0.4,0.794
617,1.2,0.5,0.788
618,1.2,0.6,0.766
619,1.2,0.7,0.758
620,1.2,0.8,0.736
621,1.2,0.9,0.766
622,1.2,1.0,0.786
623,1.2,1.1,0.786
624,1.2,1.2,0.832
625,1.2,1.3,0.778
626,1.2,1.4,0.778
627,1.2,1.5,0.746
628,1.2,1.6,0.716
629,1.2,1.7,0.71
630,1.2,1.8,0.73
631,1.2,1.9,0.724
632,1.2,2.0,0.708
633,1.2,2.1,0.672
634,1.2,2.2,0.718
635,1.2,2.3,0.764
636,1.2,2.4,0.736
637,1.2,2.5,0.67
638,1.2,2.6,0.666
639,1.2,2.7,0.562
640,1.2,2.8,0.546
641,1.2,2.9,0.524
642,1.2,3.0,0.474
643,1.2,3.1,0.382
644,1.2,3.2,0.438
645,1.2,3.3,0.356
646,1.2,3.4,0.318
647,1.2,3.5,0.294
648,1.2,3.6,0.262
649,1.2,3.7,0.228
650,1.2,3.8,0.204
651,1.2,3.9,0.222
652,1.2,4.0,0.224
653,1.2,4.1,0.166
654,1.2,4.2,0.174
655,1.2,4.3,0.174
656,1.2,4.4,0.182
657,1.2,4.5,0.152
658,1.2,4.6,0.136
659,1.2,4.7,0.136
660,1.2,4.8,0.128
661,1.2,4.9,0.11
662,1.2,5.0,0.114
663,1.3,0.0,0.782
664,1.3,0.1,0.752
665,1.3,0.2,0.802
666,1.3,0.3,0.756
667,1.3,0.4,0.78
668,1.3,0.5,0.78
669,1.3,0.6,0.746
670,1.3,0.7,0.764
671,1.3,0.8,0.75
672,1.3,0.9,0.754
673,1.3,1.0,0.738
674,1.3,1.1,0.738
675,1.3,1.2,0.782
676,1.3,1.3,0.776
677,1.3,1.4,0.778
678,1.3,1.5,0.798
679,1.3,1.6,0.776
680,1.3,1.7,0.762
681,1.3,1.8,0.748
682,1.3,1.9,0.732
683,1.3,2.0,0.69
684,1.3,2.1,0.722
685,1.3,2.2,0.73
686,1.3,2.3,0.728
687,1.3,2.4,0.712
688,1.3,2.5,0.744
689,1.3,2.6,0.696
690,1.3,2.7,0.65
691,1.3,2.8,0.612
692,1.3,2.9,0.546
693,1.3,3.0,0.49
694,1.3,3.1,0.432
695,1.3,3.2,0.438
696,1.3,3.3,0.344
697,1.3,3.4,0.36
698,1.3,3.5,0.316
699,1.3,3.6,0.292
700,1.3,3.7,0.266
701,1.3,3.8,0.248
702,1.3,3.9,0.224
703,1.3,4.0,0.186
704,1.3,4.1,0.22
705,1.3,4.2,0.184
706,1.3,4.3,0.18
707,1.3,4.4,0.172
708,1.3,4.5,0.154
709,1.3,4.6,0.134
710,1.3,4.7,0.156
711,1.3,4.8,0.146
712,1.3,4.9,0.12
713,1.3,5.0,0.152
714,1.4,0.0,0.794
715,1.4,0.1,0.79
716,1.4,0.2,0.766
717,1.4,0.3,0.812
718,1.4,0.4,0.776
719,1.4,0.5,0.782
720,1.4,0.6,0.756
721,1.4,0.7,0.768
722,1.4,0.8,0.776
723,1.4,0.9,0.776
724,1.4,1.0,0.788
725,1.4,1.1,0.766
726,1.4,1.2,0.756
727,1.4,1.3,0.79
728,1.4,1.4,0.764
729,1.4,1.5,0.798
730,1.4,1.6,0.766
731,1.4,1.7,0.716
732,1.4,1.8,0.742
733,1.4,1.9,0.73
734,1.4,2.0,0.724
735,1.4,2.1,0.698
736,1.4,2.2,0.708
737,1.4,2.3,0.718
738,1.4,2.4,0.702
739,1.4,2.5,0.748
740,1.4,2.6,0.72
741,1.4,2.7,0.672
742,1.4,2.8,0.62
743,1.4,2.9,0.624
744,1.4,3.0,0.582
745,1.4,3.1,0.514
746,1.4,3.2,0.5
747,1.4,3.3,0.424
748,1.4,3.4,0.374
749,1.4,3.5,0.332
750,1.4,3.6,0.316
751,1.4,3.7,0.292
752,1.4,3.8,0.268
753,1.4,3.9,0.256
754,1.4,4.0,0.234
755,1.4,4.1,0.216
756,1.4,4.2,0.22
757,1.4,4.3,0.176
758,1.4,4.4,0.186
759,1.4,4.5,0.152
760,1.4,4.6,0.158
761,1.4,4.7,0.134
762,1.4,4.8,0.144
763,1.4,4.9,0.15
764,1.4,5.0,0.152
765,1.5,0.0,0.768
766,1.5,0.1,0.764
767,1.5,0.2,0.78
768,1.5,0.3,0.798
769,1.5,0.4,0.798
770,1.5,0.5,0.766
771,1.5,0.6,0.76
772,1.5,0.7,0.764
773,1.5,0.8,0.776
774,1.5,0.9,0.736
775,1.5,1.0,0.764
776,1.5,1.1,0.782
777,1.5,1.2,0.772
778,1.5,1.3,0.788
779,1.5,1.4,0.772
780,1.5,1.5,0.784
781,1.5,1.6,0.79
782,1.5,1.7,0.758
783,1.5,1.8,0.738
784,1.5,1.9,0.726
785,1.5,2.0,0.742
786,1.5,2.1,0.712
787,1.5,2.2,0.738
788,1.5,2.3,0.718
789,1.5,2.4,0.668
790,1.5,2.5,0.708
791,1.5,2.6,0.742
792,1.5,2.7,0.738
793,1.5,2.8,0.692
794,1.5,2.9,0.634
795,1.5,3.0,0.564
796,1.5,3.1,0.574
797,1.5,3.2,0.492
798,1.5,3.3,0.446
799,1.5,3.4,0.41
800,1.5,3.5,0.38
801,1.5,3.6,0.3
802,1.5,3.7,0.346
803,1.5,3.8,0.316
804,1.5,3.9,0.262
805,1.5,4.0,0.26
806,1.5,4.1,0.246
807,1.5,4.2,0.208
808,1.5,4.3,0.202
809,1.5,4.4,0.174
810,1.5,4.5,0.168
811,1.5,4.6,0.158
812,1.5,4.7,0.158
813,1.5,4.8,0.142
814,1.5,4.9,0.154
815,1.5,5.0,0.128
816,1.6,0.0,0.784
817,1.6,0.1,0.782
818,1.6,0.2,0.768
819,1.6,0.3,0.762
820,1.6,0.4,0.764
821,1.6,0.5,0.808
822,1.6,0.6,0.788
823,1.6,0.7,0.762
824,1.6,0.8,0.762
825,1.6,0.9,0.756
826,1.6,1.0,0.768
827,1.6,1.1,0.764
828,1.6,1.2,0.738
829,1.6,1.3,0.796
830,1.6,1.4,0.75
831,1.6,1.5,0.786
832,1.6,1.6,0.808
833,1.6,1.7,0.774
834,1.6,1.8,0.762
835,1.6,1.9,0.742
836,1.6,2.0,0.71
837,1.6,2.1,0.73
838,1.6,2.2,0.724
839,1.6,2.3,0.674
840,1.6,2.4,0.698
841,1.6,2.5,0.718
842,1.6,2.6,0.728
843,1.6,2.7,0.702
844,1.6,2.8,0.734
845,1.6,2.9,0.722
846,1.6,3.0,0.672
847,1.6,3.1,0.612
848,1.6,3.2,0.57
849,1.6,3.3,0.484
850,1.6,3.4,0.434
851,1.6,3.5,0.406
852,1.6,3.6,0.398
853,1.6,3.7,0.314
854,1.6,3.8,0.278
855,1.6,3.9,0.296
856,1.6,4.0,0.254
857,1.6,4.1,0.256
858,1.6,4.2,0.228
859,1.6,4.3,0.206
860,1.6,4.4,0.204
861,1.6,4.5,0.2
862,1.6,4.6,0.188
863,1.6,4.7,0.19
864,1.6,4.8,0.134
865,1.6,4.9,0.142
866,1.6,5.0,0.15
867,1.7,0.0,0.746
868,1.7,0.1,0.802
869,1.7,0.2,0.768
870,1.7,0.3,0.794
871,1.7,0.4,0.786
872,1.7,0.5,0.798
873,1.7,0.6,0.782
874,1.7,0.7,0.77
875,1.7,0.8,0.782
876,1.7,0.9,0.81
877,1.7,1.0,0.748
878,1.7,1.1,0.79
879,1.7,1.2,0.74
880,1.7,1.3,0.786
881,1.7,1.4,0.752
882,1.7,1.5,0.742
883,1.7,1.6,0.77
884,1.7,1.7,0.776
885,1.7,1.8,0.79
886,1.7,1.9,0.75
887,1.7,2.0,0.758
888,1.7,2.1,0.75
889,1.7,2.2,0.712
890,1.7,2.3,0.71
891,1.7,2.4,0.656
892,1.7,2.5,0.7
893,1.7,2.6,0.724
894,1.7,2.7,0.748
895,1.7,2.8,0.72
896,1.7,2.9,0.732
897,1.7,3.0,0.696
898,1.7,3.1,0.632
899,1.7,3.2,0.594
900,1.7,3.3,0.518
901,1.7,3.4,0.534
902,1.7,3.5,0.444
903,1.7,3.6,0.43
904,1.7,3.7,0.402
905,1.7,3.8,0.328
906,1.7,3.9,0.308
907,1.7,4.0,0.328
908,1.7,4.1,0.252
909,1.7,4.2,0.25
910,1.7,4.3,0.21
911,1.7,4.4,0.216
912,1.7,4.5,0.172
913,1.7,4.6,0.196
914,1.7,4.7,0.192
915,1.7,4.8,0.164
916,1.7,4.9,0.138
917,1.7,5.0,0.152
918,1.8,0.0,0.748
919,1.8,0.1,0.806
920,1.8,0.2,0.766
921,1.8,0.3,0.752
922,1.8,0.4,0.792
923,1.8,0.5,0.768
924,1.8,0.6,0.754
925,1.8,0.7,0.794
926,1.8,0.8,0.786
927,1.8,0.9,0.748
928,1.8,1.0,0.77
929,1.8,1.1,0.764
930,1.8,1.2,0.784
931,1.8,1.3,0.742
932,1.8,1.4,0.76
933,1.8,1.5,0.77
934,1.8,1.6,0.756
935,1.8,1.7,0.762
936,1.8,1.8,0.782
937,1.8,1.9,0.812
938,1.8,2.0,0.774
939,1.8,2.1,0.764
940,1.8,2.2,0.716
941,1.8,2.3,0.73
942,1.8,2.4,0.714
943,1.8,2.5,0.68
944,1.8,2.6,0.694
945,1.8,2.7,0.672
946,1.8,2.8,0.744
947,1.8,2.9,0.732
948,1.8,3.0,0.728
949,1.8,3.1,0.682
950,1.8,3.2,0.632
951,1.8,3.3,0.606
952,1.8,3.4,0.52
953,1.8,3.5,0.49
954,1.8,3.6,0.476
955,1.8,3.7,0.416
956,1.8,3.8,0.372
957,1.8,3.9,0.35
958,1.8,4.0,0.308
959,1.8,4.1,0.278
960,1.8,4.2,0.252
961,1.8,4.3,0.244
962,1.8,4.4,0.242
963,1.8,4.5,0.218
964,1.8,4.6,0.204
965,1.8,4.7,0.196
966,1.8,4.8,0.172
967,1.8,4.9,0.118
968,1.8,5.0,0.176
969,1.9,0.0,0.792
970,1.9,0.1,0.808
971,1.9,0.2,0.796
972,1.9,0.3,0.798
973,1.9,0.4,0.768
974,1.9,0.5,0.76
975,1.9,0.6,0.776
976,1.9,0.7,0.786
977,1.9,0.8,0.776
978,1.9,0.9,0.828
979,1.9,1.0,0.762
980,1.9,1.1,0.77
981,1.9,1.2,0.772
982,1.9,1.3,0.74
983,1.9,1.4,0.77
984,1.9,1.5,0.706
985,1.9,1.6,0.77
986,1.9,1.7,0.736
987,1.9,1.8,0.778
988,1.9,1.9,0.802
989,1.9,2.0,0.802
990,1.9,2.1,0.79
991,1.9,2.2,0.754
992,1.9,2.3,0.766
993,1.9,2.4,0.738
994,1.9,2.5,0.694
995,1.9,2.6,0.658
996,1.9,2.7,0.734
997,1.9,2.8,0.724
998,1.9,2.9,0.73
999,1.9,3.0,0.734
1000,1.9,3.1,0.722
1001,1.9,3.2,0.69
1002,1.9,3.3,0.636
1003,1.9,3.4,0.648
1004,1.9,3.5,0.554
1005,1.9,3.6,0.512
1006,1.9,3.7,0.45
1007,1.9,3.8,0.386
1008,1.9,3.9,0.4
1009,1.9,4.0,0.36
1010,1.9,4.1,0.278
1011,1.9,4.2,0.294
1012,1.9,4.3,0.294
1013,1.9,4.4,0.274
1014,1.9,4.5,0.218
1015,1.9,4.6,0.216
1016,1.9,4.7,0.202
1017,1.9,4.8,0.166
1018,1.9,4.9,0.172
1019,1.9,5.0,0.166
1020,2.0,0.0,0.734
1021,2.0,0.1,0.77
1022,2.0,0.2,0.774
1023,2.0,0.3,0.792
1024,2.0,0.4,0.776
1025,2.0,0.5,0.756
1026,2.0,0.6,0.784
1027,2.0,0.7,0.82
1028,2.0,0.8,0.786
1029,2.0,0.9,0.752
1030,2.0,1.0,0.788
1031,2.0,1.1,0.786
1032,2.0,1.2,0.778
1033,2.0,1.3,0.78
1034,2.0,1.4,0.738
1035,2.0,1.5,0.762
1036,2.0,1.6,0.762
1037,2.0,1.7,0.736
1038,2.0,1.8,0.762
1039,2.0,1.9,0.766
1040,2.0,2.0,0.77
1041,2.0,2.1,0.786
1042,2.0,2.2,0.792
1043,2.0,2.3,0.754
1044,2.0,2.4,0.714
1045,2.0,2.5,0.712
1046,2.0,2.6,0.734
1047,2.0,2.7,0.71
1048,2.0,2.8,0.726
1049,2.0,2.9,0.722
1050,2.0,3.0,0.734
1051,2.0,3.1,0.772
1052,2.0,3.2,0.73
1053,2.0,3.3,0.684
1054,2.0,3.4,0.628
1055,2.0,3.5,0.602
1056,2.0,3.6,0.524
1057,2.0,3.7,0.492
1058,2.0,3.8,0.496
1059,2.0,3.9,0.406
1060,2.0,4.0,0.382
1061,2.0,4.1,0.368
1062,2.0,4.2,0.322
1063,2.0,4.3,0.294
1064,2.0,4.4,0.272
1065,2.0,4.5,0.224
1066,2.0,4.6,0.232
1067,2.0,4.7,0.208
1068,2.0,4.8,0.188
1069,2.0,4.9,0.186
1070,2.0,5.0,0.184
1071,2.1,0.0,0.782
1072,2.1,0.1,0.772
1073,2.1,0.2,0.778
1074,2.1,0.3,0.78
1075,2.1,0.4,0.774
1076,2.1,0.5,0.774
1077,2.1,0.6,0.774
1078,2.1,0.7,0.8
1079,2.1,0.8,0.778
1080,2.1,0.9,0.772
1081,2.1,1.0,0.782
1082,2.1,1.1,0.766
1083,2.1,1.2,0.8
1084,2.1,1.3,0.79
1085,2.1,1.4,0.76
1086,2.1,1.5,0.734
1087,2.1,1.6,0.734
1088,2.1,1.7,0.746
1089,2.1,1.8,0.77
1090,2.1,1.9,0.786
1091,2.1,2.0,0.762
1092,2.1,2.1,0.766
1093,2.1,2.2,0.762
1094,2.1,2.3,0.758
1095,2.1,2.4,0.774
1096,2.1,2.5,0.724
1097,2.1,2.6,0.738
1098,2.1,2.7,0.73
1099,2.1,2.8,0.698
1100,2.1,2.9,0.706
1101,2.1,3.0,0.762
1102,2.1,3.1,0.734
1103,2.1,3.2,0.742
1104,2.1,3.3,0.768
1105,2.1,3.4,0.684
1106,2.1,3.5,0.632
1107,2.1,3.6,0.614
1108,2.1,3.7,0.57
1109,2.1,3.8,0.502
1110,2.1,3.9,0.47
1111,2.1,4.0,0.398
1112,2.1,4.1,0.352
1113,2.1,4.2,0.334
1114,2.1,4.3,0.324
1115,2.1,4.4,0.29
1116,2.1,4.5,0.286
1117,2.1,4.6,0.252
1118,2.1,4.7,0.216
1119,2.1,4.8,0.186
1120,2.1,4.9,0.198
1121,2.1,5.0,0.186
1122,2.2,0.0,0.762
1123,2.2,0.1,0.78
1124,2.2,0.2,0.772
1125,2.2,0.3,0.742
1126,2.2,0.4,0.748
1127,2.2,0.5,0.778
1128,2.2,0.6,0.78
1129,2.2,0.7,0.766
1130,2.2,0.8,0.808
1131,2.2,0.9,0.778
1132,2.2,1.0,0.77
1133,2.2,1.1,0.752
1134,2.2,1.2,0.776
1135,2.2,1.3,0.766
1136,2.2,1.4,0.784
1137,2.2,1.5,0.774
1138,2.2,1.6,0.756
1139,2.2,1.7,0.742
1140,2.2,1.8,0.776
1141,2.2,1.9,0.786
1142,2.2,2.0,0.774
1143,2.2,2.1,0.788
1144,2.2,2.2,0.794
1145,2.2,2.3,0.792
1146,2.2,2.4,0.796
1147,2.2,2.5,0.738
1148,2.2,2.6,0.716
1149,2.2,2.7,0.732
1150,2.2,2.8,0.72
1151,2.2,2.9,0.708
1152,2.2,3.0,0.714
1153,2.2,3.1,0.712
1154,2.2,3.2,0.728
1155,2.2,3.3,0.732
1156,2.2,3.4,0.71
1157,2.2,3.5,0.712
1158,2.2,3.6,0.652
1159,2.2,3.7,0.6
1160,2.2,3.8,0.566
1161,2.2,3.9,0.518
1162,2.2,4.0,0.466
1163,2.2,4.1,0.404
1164,2.2,4.2,0.372
1165,2.2,4.3,0.322
1166,2.2,4.4,0.296
1167,2.2,4.5,0.278
1168,2.2,4.6,0.276
1169,2.2,4.7,0.244
1170,2.2,4.8,0.256
1171,2.2,4.9,0.192
1172,2.2,5.0,0.186
1173,2.3,0.0,0.754
1174,2.3,0.1,0.782
1175,2.3,0.2,0.762
1176,2.3,0.3,0.738
1177,2.3,0.4,0.762
1178,2.3,0.5,0.774
1179,2.3,0.6,0.8
1180,2.3,0.7,0.762
1181,2.3,0.8,0.76
1182,2.3,0.9,0.774
1183,2.3,1.0,0.79
1184,2.3,1.1,0.784
1185,2.3,1.2,0.76
1186,2.3,1.3,0.76
1187,2.3,1.4,0.77
1188,2.3,1.5,0.788
1189,2.3,1.6,0.766
1190,2.3,1.7,0.766
1191,2.3,1.8,0.758
1192,2.3,1.9,0.766
1193,2.3,2.0,0.772
1194,2.3,2.1,0.794
1195,2.3,2.2,0.772
1196,2.3,2.3,0.78
1197,2.3,2.4,0.79
1198,2.3,2.5,0.768
1199,2.3,2.6,0.74
1200,2.3,2.7,0.732
1201,2.3,2.8,0.676
1202,2.3,2.9,0.712
1203,2.3,3.0,0.712
1204,2.3,3.1,0.706
1205,2.3,3.2,0.696
1206,2.3,3.3,0.752
1207,2.3,3.4,0.746
1208,2.3,3.5,0.69
1209,2.3,3.6,0.678
1210,2.3,3.7,0.644
1211,2.3,3.8,0.578
1212,2.3,3.9,0.562
1213,2.3,4.0,0.504
1214,2.3,4.1,0.46
1215,2.3,4.2,0.434
1216,2.3,4.3,0.364
1217,2.3,4.4,0.392
1218,2.3,4.5,0.314
1219,2.3,4.6,0.28
1220,2.3,4.7,0.278
1221,2.3,4.8,0.214
1222,2.3,4.9,0.214
1223,2.3,5.0,0.226
1224,2.4,0.0,0.758
1225,2.4,0.1,0.768
1226,2.4,0.2,0.768
1227,2.4,0.3,0.794
1228,2.4,0.4,0.762
1229,2.4,0.5,0.778
1230,2.4,0.6,0.774
1231,2.4,0.7,0.762
1232,2.4,0.8,0.772
1233,2.4,0.9,0.748
1234,2.4,1.0,0.774
1235,2.4,1.1,0.754
1236,2.4,1.2,0.786
1237,2.4,1.3,0.796
1238,2.4,1.4,0.8
1239,2.4,1.5,0.784
1240,2.4,1.6,0.768
1241,2.4,1.7,0.758
1242,2.4,1.8,0.768
1243,2.4,1.9,0.776
1244,2.4,2.0,0.748
1245,2.4,2.1,0.75
1246,2.4,2.2,0.778
1247,2.4,2.3,0.742
1248,2.4,2.4,0.772
1249,2.4,2.5,0.776
1250,2.4,2.6,0.774
1251,2.4,2.7,0.794
1252,2.4,2.8,0.73
1253,2.4,2.9,0.738
1254,2.4,3.0,0.696
1255,2.4,3.1,0.696
1256,2.4,3.2,0.702
1257,2.4,3.3,0.7
1258,2.4,3.4,0.744
1259,2.4,3.5,0.726
1260,2.4,3.6,0.722
1261,2.4,3.7,0.688
1262,2.4,3.8,0.616
1263,2.4,3.9,0.634
1264,2.4,4.0,0.542
1265,2.4,4.1,0.496
1266,2.4,4.2,0.504
1267,2.4,4.3,0.402
1268,2.4,4.4,0.388
1269,2.4,4.5,0.364
1270,2.4,4.6,0.29
1271,2.4,4.7,0.288
1272,2.4,4.8,0.248
1273,2.4,4.9,0.31
1274,2.4,5.0,0.22
1275,2.5,0.0,0.738
1276,2.5,0.1,0.76
1277,2.5,0.2,0.766
1278,2.5,0.3,0.744
1279,2.5,0.4,0.752
1280,2.5,0.5,0.728
1281,2.5,0.6,0.752
1282,2.5,0.7,0.782
1283,2.5,0.8,0.742
1284,2.5,0.9,0.78
1285,2.5,1.0,0.782
1286,2.5,1.1,0.814
1287,2.5,1.2,0.786
1288,2.5,1.3,0.788
1289,2.5,1.4,0.79
1290,2.5,1.5,0.81
1291,2.5,1.6,0.79
1292,2.5,1.7,0.77
1293,2.5,1.8,0.77
1294,2.5,1.9,0.75
1295,2.5,2.0,0.778
1296,2.5,2.1,0.772
1297,2.5,2.2,0.752
1298,2.5,2.3,0.768
1299,2.5,2.4,0.8
1300,2.5,2.5,0.778
1301,2.5,2.6,0.79
1302,2.5,2.7,0.776
1303,2.5,2.8,0.782
1304,2.5,2.9,0.782
1305,2.5,3.0,0.718
1306,2.5,3.1,0.67
1307,2.5,3.2,0.73
1308,2.5,3.3,0.668
1309,2.5,3.4,0.74
1310,2.5,3.5,0.672
1311,2.5,3.6,0.752
1312,2.5,3.7,0.722
1313,2.5,3.8,0.714
1314,2.5,3.9,0.678
1315,2.5,4.0,0.604
1316,2.5,4.1,0.562
1317,2.5,4.2,0.494
1318,2.5,4.3,0.5
1319,2.5,4.4,0.436
1320,2.5,4.5,0.382
1321,2.5,4.6,0.34
1322,2.5,4.7,0.34
1323,2.5,4.8,0.276
1324,2.5,4.9,0.236
1325,2.5,5.0,0.246
1326,2.6,0.0,0.732
1327,2.6,0.1,0.782
1328,2.6,0.2,0.748
1329,2.6,0.3,0.792
1330,2.6,0.4,0.758
1331,2.6,0.5,0.732
1332,2.6,0.6,0.77
1333,2.6,0.7,0.754
1334,2.6,0.8,0.764
1335,2.6,0.9,0.814
1336,2.6,1.0,0.774
1337,2.6,1.1,0.74
1338,2.6,1.2,0.81
1339,2.6,1.3,0.766
1340,2.6,1.4,0.774
1341,2.6,1.5,0.792
1342,2.6,1.6,0.774
1343,2.6,1.7,0.776
1344,2.6,1.8,0.798
1345,2.6,1.9,0.768
1346,2.6,2.0,0.748
1347,2.6,2.1,0.76
1348,2.6,2.2,0.79
1349,2.6,2.3,0.738
1350,2.6,2.4,0.776
1351,2.6,2.5,0.788
1352,2.6,2.6,0.768
1353,2.6,2.7,0.758
1354,2.6,2.8,0.754
1355,2.6,2.9,0.74
1356,2.6,3.0,0.738
1357,2.6,3.1,0.728
1358,2.6,3.2,0.672
1359,2.6,3.3,0.706
1360,2.6,3.4,0.71
1361,2.6,3.5,0.72
1362,2.6,3.6,0.724
1363,2.6,3.7,0.71
1364,2.6,3.8,0.742
1365,2.6,3.9,0.688
1366,2.6,4.0,0.638
1367,2.6,4.1,0.582
1368,2.6,4.2,0.556
1369,2.6,4.3,0.536
1370,2.6,4.4,0.482
1371,2.6,4.5,0.426
1372,2.6,4.6,0.398
1373,2.6,4.7,0.36
1374,2.6,4.8,0.298
1375,2.6,4.9,0.312
1376,2.6,5.0,0.282
1377,2.7,0.0,0.776
1378,2.7,0.1,0.814
1379,2.7,0.2,0.78
1380,2.7,0.3,0.754
1381,2.7,0.4,0.77
1382,2.7,0.5,0.776
1383,2.7,0.6,0.766
1384,2.7,0.7,0.742
1385,2.7,0.8,0.766
1386,2.7,0.9,0.784
1387,2.7,1.0,0.78
1388,2.7,1.1,0.788
1389,2.7,1.2,0.802
1390,2.7,1.3,0.788
1391,2.7,1.4,0.782
1392,2.7,1.5,0.802
1393,2.7,1.6,0.798
1394,2.7,1.7,0.756
1395,2.7,1.8,0.762
1396,2.7,1.9,0.772
1397,2.7,2.0,0.756
1398,2.7,2.1,0.74
1399,2.7,2.2,0.748
1400,2.7,2.3,0.774
1401,2.7,2.4,0.804
1402,2.7,2.5,0.778
1403,2.7,2.6,0.768
1404,2.7,2.7,0.786
1405,2.7,2.8,0.77
1406,2.7,2.9,0.758
1407,2.7,3.0,0.78
1408,2.7,3.1,0.732
1409,2.7,3.2,0.706
1410,2.7,3.3,0.696
1411,2.7,3.4,0.688
1412,2.7,3.5,0.73
1413,2.7,3.6,0.696
1414,2.7,3.7,0.748
1415,2.7,3.8,0.708
1416,2.7,3.9,0.744
1417,2.7,4.0,0.68
1418,2.7,4.1,0.636
1419,2.7,4.2,0.598
1420,2.7,4.3,0.564
1421,2.7,4.4,0.452
1422,2.7,4.5,0.462
1423,2.7,4.6,0.42
1424,2.7,4.7,0.368
1425,2.7,4.8,0.322
1426,2.7,4.9,0.338
1427,2.7,5.0,0.292
1428,2.8,0.0,0.758
1429,2.8,0.1,0.762
1430,2.8,0.2,0.75
1431,2.8,0.3,0.758
1432,2.8,0.4,0.778
1433,2.8,0.5,0.748
1434,2.8,0.6,0.788
1435,2.8,0.7,0.794
1436,2.8,0.8,0.796
1437,2.8,0.9,0.774
1438,2.8,1.0,0.734
1439,2.8,1.1,0.764
1440,2.8,1.2,0.762
1441,2.8,1.3,0.812
1442,2.8,1.4,0.762
1443,2.8,1.5,0.758
1444,2.8,1.6,0.744
1445,2.8,1.7,0.76
1446,2.8,1.8,0.772
1447,2.8,1.9,0.816
1448,2.8,2.0,0.746
1449,2.8,2.1,0.738
1450,2.8,2.2,0.788
1451,2.8,2.3,0.774
1452,2.8,2.4,0.788
1453,2.8,2.5,0.76
1454,2.8,2.6,0.764
1455,2.8,2.7,0.782
1456,2.8,2.8,0.772
1457,2.8,2.9,0.766
1458,2.8,3.0,0.772
1459,2.8,3.1,0.758
1460,2.8,3.2,0.726
1461,2.8,3.3,0.722
1462,2.8,3.4,0.696
1463,2.8,3.5,0.686
1464,2.8,3.6,0.722
1465,2.8,3.7,0.722
1466,2.8,3.8,0.738
1467,2.8,3.9,0.768
1468,2.8,4.0,0.716
1469,2.8,4.1,0.696
1470,2.8,4.2,0.634
1471,2.8,4.3,0.596
1472,2.8,4.4,0.59
1473,2.8,4.5,0.48
1474,2.8,4.6,0.442
1475,2.8,4.7,0.414
1476,2.8,4.8,0.358
1477,2.8,4.9,0.35
1478,2.8,5.0,0.25
1479,2.9,0.0,0.75
1480,2.9,0.1,0.762
1481,2.9,0.2,0.762
1482,2.9,0.3,0.786
1483,2.9,0.4,0.772
1484,2.9,0.5,0.766
1485,2.9,0.6,0.758
1486,2.9,0.7,0.798
1487,2.9,0.8,0.752
1488,2.9,0.9,0.792
1489,2.9,1.0,0.762
1490,2.9,1.1,0.716
1491,2.9,1.2,0.764
1492,2.9,1.3,0.792
1493,2.9,1.4,0.764
1494,2.9,1.5,0.806
1495,2.9,1.6,0.784
1496,2.9,1.7,0.81
1497,2.9,1.8,0.782
1498,2.9,1.9,0.756
1499,2.9,2.0,0.748
1500,2.9,2.1,0.778
1501,2.9,2.2,0.762
1502,2.9,2.3,0.77
1503,2.9,2.4,0.746
1504,2.9,2.5,0.74
1505,2.9,2.6,0.756
1506,2.9,2.7,0.788
1507,2.9,2.8,0.806
1508,2.9,2.9,0.756
1509,2.9,3.0,0.77
1510,2.9,3.1,0.774
1511,2.9,3.2,0.738
1512,2.9,3.3,0.762
1513,2.9,3.4,0.726
1514,2.9,3.5,0.69
1515,2.9,3.6,0.702
1516,2.9,3.7,0.662
1517,2.9,3.8,0.694
1518,2.9,3.9,0.694
1519,2.9,4.0,0.724
1520,2.9,4.1,0.742
1521,2.9,4.2,0.696
1522,2.9,4.3,0.628
1523,2.9,4.4,0.62
1524,2.9,4.5,0.578
1525,2.9,4.6,0.536
1526,2.9,4.7,0.462
1527,2.9,4.8,0.424
1528,2.9,4.9,0.344
1529,2.9,5.0,0.316
1530,3.0,0.0,0.73
1531,3.0,0.1,0.752
1532,3.0,0.2,0.764
1533,3.0,0.3,0.724
1534,3.0,0.4,0.778
1535,3.0,0.5,0.744
1536,3.0,0.6,0.762
1537,3.0,0.7,0.722
1538,3.0,0.8,0.75
1539,3.0,0.9,0.804
1540,3.0,1.0,0.758
1541,3.0,1.1,0.756
1542,3.0,1.2,0.786
1543,3.0,1.3,0.74
1544,3.0,1.4,0.792
1545,3.0,1.5,0.76
1546,3.0,1.6,0.778
1547,3.0,1.7,0.766
1548,3.0,1.8,0.758
1549,3.0,1.9,0.84
1550,3.0,2.0,0.77
1551,3.0,2.1,0.792
1552,3.0,2.2,0.78
1553,3.0,2.3,0.778
1554,3.0,2.4,0.752
1555,3.0,2.5,0.778
1556,3.0,2.6,0.778
1557,3.0,2.7,0.812
1558,3.0,2.8,0.776
1559,3.0,2.9,0.758
1560,3.0,3.0,0.772
1561,3.0,3.1,0.768
1562,3.0,3.2,0.766
1563,3.0,3.3,0.772
1564,3.0,3.4,0.716
1565,3.0,3.5,0.746
1566,3.0,3.6,0.734
1567,3.0,3.7,0.706
1568,3.0,3.8,0.704
1569,3.0,3.9,0.728
1570,3.0,4.0,0.738
1571,3.0,4.1,0.684
1572,3.0,4.2,0.718
1573,3.0,4.3,0.672
1574,3.0,4.4,0.656
1575,3.0,4.5,0.618
1576,3.0,4.6,0.556
1577,3.0,4.7,0.54
1578,3.0,4.8,0.462
1579,3.0,4.9,0.44
1580,3.0,5.0,0.354
1581,3.1,0.0,0.752
1582,3.1,0.1,0.766
1583,3.1,0.2,0.746
1584,3.1,0.3,0.756
1585,3.1,0.4,0.754
1586,3.1,0.5,0.756
1587,3.1,0.6,0.746
1588,3.1,0.7,0.744
1589,3.1,0.8,0.78
1590,3.1,0.9,0.77
1591,3.1,1.0,0.748
1592,3.1,1.1,0.788
1593,3.1,1.2,0.82
1594,3.1,1.3,0.768
1595,3.1,1.4,0.806
1596,3.1,1.5,0.788
1597,3.1,1.6,0.78
1598,3.1,1.7,0.772
1599,3.1,1.8,0.77
1600,3.1,1.9,0.746
1601,3.1,2.0,0.776
1602,3.1,2.1,0.786
1603,3.1,2.2,0.772
1604,3.1,2.3,0.782
1605,3.1,2.4,0.736
1606,3.1,2.5,0.776
1607,3.1,2.6,0.748
1608,3.1,2.7,0.778
1609,3.1,2.8,0.762
1610,3.1,2.9,0.792
1611,3.1,3.0,0.754
1612,3.1,3.1,0.746
1613,3.1,3.2,0.796
1614,3.1,3.3,0.782
1615,3.1,3.4,0.73
1616,3.1,3.5,0.708
1617,3.1,3.6,0.73
1618,3.1,3.7,0.702
1619,3.1,3.8,0.686
1620,3.1,3.9,0.692
1621,3.1,4.0,0.73
1622,3.1,4.1,0.738
1623,3.1,4.2,0.754
1624,3.1,4.3,0.746
1625,3.1,4.4,0.724
1626,3.1,4.5,0.634
1627,3.1,4.6,0.636
1628,3.1,4.7,0.562
1629,3.1,4.8,0.488
1630,3.1,4.9,0.484
1631,3.1,5.0,0.404
1632,3.2,0.0,0.746
1633,3.2,0.1,0.75
1634,3.2,0.2,0.754
1635,3.2,0.3,0.74
1636,3.2,0.4,0.77
1637,3.2,0.5,0.762
1638,3.2,0.6,0.78
1639,3.2,0.7,0.73
1640,3.2,0.8,0.776
1641,3.2,0.9,0.764
1642,3.2,1.0,0.782
1643,3.2,1.1,0.784
1644,3.2,1.2,0.742
1645,3.2,1.3,0.792
1646,3.2,1.4,0.776
1647,3.2,1.5,0.766
1648,3.2,1.6,0.77
1649,3.2,1.7,0.83
1650,3.2,1.8,0.79
1651,3.2,1.9,0.79
1652,3.2,2.0,0.748
1653,3.2,2.1,0.78
1654,3.2,2.2,0.786
1655,3.2,2.3,0.812
1656,3.2,2.4,0.782
1657,3.2,2.5,0.792
1658,3.2,2.6,0.792
1659,3.2,2.7,0.766
1660,3.2,2.8,0.762
1661,3.2,2.9,0.796
1662,3.2,3.0,0.744
1663,3.2,3.1,0.792
1664,3.2,3.2,0.794
1665,3.2,3.3,0.776
1666,3.2,3.4,0.776
1667,3.2,3.5,0.78
1668,3.2,3.6,0.686
1669,3.2,3.7,0.748
1670,3.2,3.8,0.7
1671,3.2,3.9,0.728
1672,3.2,4.0,0.712
1673,3.2,4.1,0.696
1674,3.2,4.2,0.734
1675,3.2,4.3,0.744
1676,3.2,4.4,0.734
1677,3.2,4.5,0.648
1678,3.2,4.6,0.654
1679,3.2,4.7,0.612
1680,3.2,4.8,0.574
1681,3.2,4.9,0.492
1682,3.2,5.0,0.422
1683,3.3,0.0,0.686
1684,3.3,0.1,0.732
1685,3.3,0.2,0.724
1686,3.3,0.3,0.77
1687,3.3,0.4,0.78
1688,3.3,0.5,0.758
1689,3.3,0.6,0.786
1690,3.3,0.7,0.788
1691,3.3,0.8,0.732
1692,3.3,0.9,0.784
1693,3.3,1.0,0.768
1694,3.3,1.1,0.756
1695,3.3,1.2,0.782
1696,3.3,1.3,0.768
1697,3.3,1.4,0.752
1698,3.3,1.5,0.83
1699,3.3,1.6,0.774
1700,3.3,1.7,0.794
1701,3.3,1.8,0.76
1702,3.3,1.9,0.788
1703,3.3,2.0,0.75
1704,3.3,2.1,0.768
1705,3.3,2.2,0.772
1706,3.3,2.3,0.754
1707,3.3,2.4,0.79
1708,3.3,2.5,0.784
1709,3.3,2.6,0.774
1710,3.3,2.7,0.762
1711,3.3,2.8,0.786
1712,3.3,2.9,0.77
1713,3.3,3.0,0.74
1714,3.3,3.1,0.774
1715,3.3,3.2,0.766
1716,3.3,3.3,0.77
1717,3.3,3.4,0.784
1718,3.3,3.5,0.768
1719,3.3,3.6,0.73
1720,3.3,3.7,0.752
1721,3.3,3.8,0.736
1722,3.3,3.9,0.738
1723,3.3,4.0,0.67
1724,3.3,4.1,0.72
1725,3.3,4.2,0.674
1726,3.3,4.3,0.782
1727,3.3,4.4,0.72
1728,3.3,4.5,0.692
1729,3.3,4.6,0.71
1730,3.3,4.7,0.626
1731,3.3,4.8,0.582
1732,3.3,4.9,0.562
1733,3.3,5.0,0.512
1734,3.4,0.0,0.672
1735,3.4,0.1,0.704
1736,3.4,0.2,0.748
1737,3.4,0.3,0.732
1738,3.4,0.4,0.724
1739,3.4,0.5,0.744
1740,3.4,0.6,0.786
1741,3.4,0.7,0.748
1742,3.4,0.8,0.75
1743,3.4,0.9,0.746
1744,3.4,1.0,0.78
1745,3.4,1.1,0.782
1746,3.4,1.2,0.78
1747,3.4,1.3,0.76
1748,3.4,1.4,0.764
1749,3.4,1.5,0.782
1750,3.4,1.6,0.736
1751,3.4,1.7,0.788
1752,3.4,1.8,0.776
1753,3.4,1.9,0.766
1754,3.4,2.0,0.794
1755,3.4,2.1,0.76
1756,3.4,2.2,0.782
1757,3.4,2.3,0.806
1758,3.4,2.4,0.814
1759,3.4,2.5,0.804
1760,3.4,2.6,0.796
1761,3.4,2.7,0.77
1762,3.4,2.8,0.752
1763,3.4,2.9,0.744
1764,3.4,3.0,0.762
1765,3.4,3.1,0.798
1766,3.4,3.2,0.806
1767,3.4,3.3,0.794
1768,3.4,3.4,0.77
1769,3.4,3.5,0.774
1770,3.4,3.6,0.76
1771,3.4,3.7,0.742
1772,3.4,3.8,0.734
1773,3.4,3.9,0.748
1774,3.4,4.0,0.688
1775,3.4,4.1,0.672
1776,3.4,4.2,0.662
1777,3.4,4.3,0.706
1778,3.4,4.4,0.754
1779,3.4,4.5,0.734
1780,3.4,4.6,0.744
1781,3.4,4.7,0.698
1782,3.4,4.8,0.648
1783,3.4,4.9,0.594
1784,3.4,5.0,0.564
1785,3.5,0.0,0.676
1786,3.5,0.1,0.668
1787,3.5,0.2,0.718
1788,3.5,0.3,0.718
1789,3.5,0.4,0.738
1790,3.5,0.5,0.746
1791,3.5,0.6,0.774
1792,3.5,0.7,0.774
1793,3.5,0.8,0.786
1794,3.5,0.9,0.76
1795,3.5,1.0,0.766
1796,3.5,1.1,0.726
1797,3.5,1.2,0.758
1798,3.5,1.3,0.774
1799,3.5,1.4,0.782
1800,3.5,1.5,0.774
1801,3.5,1.6,0.748
1802,3.5,1.7,0.772
1803,3.5,1.8,0.78
1804,3.5,1.9,0.778
1805,3.5,2.0,0.77
1806,3.5,2.1,0.772
1807,3.5,2.2,0.776
1808,3.5,2.3,0.764
1809,3.5,2.4,0.768
1810,3.5,2.5,0.796
1811,3.5,2.6,0.77
1812,3.5,2.7,0.718
1813,3.5,2.8,0.756
1814,3.5,2.9,0.718
1815,3.5,3.0,0.792
1816,3.5,3.1,0.768
1817,3.5,3.2,0.78
1818,3.5,3.3,0.784
1819,3.5,3.4,0.774
1820,3.5,3.5,0.802
1821,3.5,3.6,0.79
1822,3.5,3.7,0.774
1823,3.5,3.8,0.77
1824,3.5,3.9,0.74
1825,3.5,4.0,0.73
1826,3.5,4.1,0.676
1827,3.5,4.2,0.698
1828,3.5,4.3,0.72
1829,3.5,4.4,0.738
1830,3.5,4.5,0.748
1831,3.5,4.6,0.77
1832,3.5,4.7,0.706
1833,3.5,4.8,0.7
1834,3.5,4.9,0.66
1835,3.5,5.0,0.61
1836,3.6,0.0,0.64
1837,3.6,0.1,0.666
1838,3.6,0.2,0.676
1839,3.6,0.3,0.71
1840,3.6,0.4,0.692
1841,3.6,0.5,0.754
1842,3.6,0.6,0.726
1843,3.6,0.7,0.768
1844,3.6,0.8,0.794
1845,3.6,0.9,0.748
1846,3.6,1.0,0.756
1847,3.6,1.1,0.756
1848,3.6,1.2,0.78
1849,3.6,1.3,0.768
1850,3.6,1.4,0.73
1851,3.6,1.5,0.76
1852,3.6,1.6,0.78
1853,3.6,1.7,0.778
1854,3.6,1.8,0.76
1855,3.6,1.9,0.76
1856,3.6,2.0,0.776
1857,3.6,2.1,0.758
1858,3.6,2.2,0.77
1859,3.6,2.3,0.776
1860,3.6,2.4,0.768
1861,3.6,2.5,0.774
1862,3.6,2.6,0.782
1863,3.6,2.7,0.75
1864,3.6,2.8,0.786
1865,3.6,2.9,0.774
1866,3.6,3.0,0.754
1867,3.6,3.1,0.762
1868,3.6,3.2,0.754
1869,3.6,3.3,0.752
1870,3.6,3.4,0.796
1871,3.6,3.5,0.754
1872,3.6,3.6,0.772
1873,3.6,3.7,0.792
1874,3.6,3.8,0.752
1875,3.6,3.9,0.778
1876,3.6,4.0,0.716
1877,3.6,4.1,0.718
1878,3.6,4.2,0.706
1879,3.6,4.3,0.702
1880,3.6,4.4,0.686
1881,3.6,4.5,0.698
1882,3.6,4.6,0.72
1883,3.6,4.7,0.734
1884,3.6,4.8,0.726
1885,3.6,4.9,0.652
1886,3.6,5.0,0.666
1887,3.7,0.0,0.684
1888,3.7,0.1,0.652
1889,3.7,0.2,0.646
1890,3.7,0.3,0.682
1891,3.7,0.4,0.706
1892,3.7,0.5,0.736
1893,3.7,0.6,0.772
1894,3.7,0.7,0.76
1895,3.7,0.8,0.766
1896,3.7,0.9,0.748
1897,3.7,1.0,0.768
1898,3.7,1.1,0.758
1899,3.7,1.2,0.78
1900,3.7,1.3,0.788
1901,3.7,1.4,0.75
1902,3.7,1.5,0.766
1903,3.7,1.6,0.786
1904,3.7,1.7,0.79
1905,3.7,1.8,0.772
1906,3.7,1.9,0.772
1907,3.7,2.0,0.786
1908,3.7,2.1,0.778
1909,3.7,2.2,0.764
1910,3.7,2.3,0.76
1911,3.7,2.4,0.752
1912,3.7,2.5,0.774
1913,3.7,2.6,0.762
1914,3.7,2.7,0.806
1915,3.7,2.8,0.774
1916,3.7,2.9,0.756
1917,3.7,3.0,0.762
1918,3.7,3.1,0.77
1919,3.7,3.2,0.77
1920,3.7,3.3,0.746
1921,3.7,3.4,0.786
1922,3.7,3.5,0.77
1923,3.7,3.6,0.73
1924,3.7,3.7,0.792
1925,3.7,3.8,0.794
1926,3.7,3.9,0.772
1927,3.7,4.0,0.736
1928,3.7,4.1,0.76
1929,3.7,4.2,0.764
1930,3.7,4.3,0.69
1931,3.7,4.4,0.714
1932,3.7,4.5,0.69
1933,3.7,4.6,0.712
1934,3.7,4.7,0.694
1935,3.7,4.8,0.732
1936,3.7,4.9,0.694
1937,3.7,5.0,0.682
1938,3.8,0.0,0.638
1939,3.8,0.1,0.666
1940,3.8,0.2,0.672
1941,3.8,0.3,0.686
1942,3.8,0.4,0.674
1943,3.8,0.5,0.716
1944,3.8,0.6,0.758
1945,3.8,0.7,0.742
1946,3.8,0.8,0.764
1947,3.8,0.9,0.768
1948,3.8,1.0,0.768
1949,3.8,1.1,0.76
1950,3.8,1.2,0.778
1951,3.8,1.3,0.766
1952,3.8,1.4,0.758
1953,3.8,1.5,0.766
1954,3.8,1.6,0.768
1955,3.8,1.7,0.75
1956,3.8,1.8,0.776
1957,3.8,1.9,0.766
1958,3.8,2.0,0.786
1959,3.8,2.1,0.774
1960,3.8,2.2,0.798
1961,3.8,2.3,0.756
1962,3.8,2.4,0.776
1963,3.8,2.5,0.766
1964,3.8,2.6,0.75
1965,3.8,2.7,0.758
1966,3.8,2.8,0.778
1967,3.8,2.9,0.786
1968,3.8,3.0,0.79
1969,3.8,3.1,0.762
1970,3.8,3.2,0.788
1971,3.8,3.3,0.754
1972,3.8,3.4,0.764
1973,3.8,3.5,0.788
1974,3.8,3.6,0.772
1975,3.8,3.7,0.794
1976,3.8,3.8,0.782
1977,3.8,3.9,0.764
1978,3.8,4.0,0.772
1979,3.8,4.1,0.716
1980,3.8,4.2,0.696
1981,3.8,4.3,0.724
1982,3.8,4.4,0.7
1983,3.8,4.5,0.698
1984,3.8,4.6,0.718
1985,3.8,4.7,0.72
1986,3.8,4.8,0.74
1987,3.8,4.9,0.732
1988,3.8,5.0,0.71
1989,3.9,0.0,0.602
1990,3.9,0.1,0.676
1991,3.9,0.2,0.65
1992,3.9,0.3,0.672
1993,3.9,0.4,0.69
1994,3.9,0.5,0.704
1995,3.9,0.6,0.68
1996,3.9,0.7,0.734
1997,3.9,0.8,0.754
1998,3.9,0.9,0.756
1999,3.9,1.0,0.804
2000,3.9,1.1,0.736
2001,3.9,1.2,0.75
2002,3.9,1.3,0.776
2003,3.9,1.4,0.76
2004,3.9,1.5,0.77
2005,3.9,1.6,0.772
2006,3.9,1.7,0.722
2007,3.9,1.8,0.772
2008,3.9,1.9,0.784
2009,3.9,2.0,0.768
2010,3.9,2.1,0.78
2011,3.9,2.2,0.798
2012,3.9,2.3,0.802
2013,3.9,2.4,0.79
2014,3.9,2.5,0.78
2015,3.9,2.6,0.756
2016,3.9,2.7,0.768
2017,3.9,2.8,0.776
2018,3.9,2.9,0.788
2019,3.9,3.0,0.82
2020,3.9,3.1,0.782
2021,3.9,3.2,0.778
2022,3.9,3.3,0.748
2023,3.9,3.4,0.758
2024,3.9,3.5,0.736
2025,3.9,3.6,0.786
2026,3.9,3.7,0.766
2027,3.9,3.8,0.762
2028,3.9,3.9,0.792
2029,3.9,4.0,0.77
2030,3.9,4.1,0.764
2031,3.9,4.2,0.738
2032,3.9,4.3,0.752
2033,3.9,4.4,0.674
2034,3.9,4.5,0.74
2035,3.9,4.6,0.692
2036,3.9,4.7,0.692
2037,3.9,4.8,0.728
2038,3.9,4.9,0.694
2039,3.9,5.0,0.738
2040,4.0,0.0,0.582
2041,4.0,0.1,0.612
2042,4.0,0.2,0.666
2043,4.0,0.3,0.648
2044,4.0,0.4,0.63
2045,4.0,0.5,0.684
2046,4.0,0.6,0.692
2047,4.0,0.7,0.746
2048,4.0,0.8,0.72
2049,4.0,0.9,0.732
2050,4.0,1.0,0.776
2051,4.0,1.1,0.766
2052,4.0,1.2,0.81
2053,4.0,1.3,0.762
2054,4.0,1.4,0.78
2055,4.0,1.5,0.754
2056,4.0,1.6,0.772
2057,4.0,1.7,0.76
2058,4.0,1.8,0.768
2059,4.0,1.9,0.782
2060,4.0,2.0,0.798
2061,4.0,2.1,0.802
2062,4.0,2.2,0.806
2063,4.0,2.3,0.794
2064,4.0,2.4,0.788
2065,4.0,2.5,0.76
2066,4.0,2.6,0.798
2067,4.0,2.7,0.79
2068,4.0,2.8,0.762
2069,4.0,2.9,0.75
2070,4.0,3.0,0.796
2071,4.0,3.1,0.754
2072,4.0,3.2,0.756
2073,4.0,3.3,0.768
2074,4.0,3.4,0.776
2075,4.0,3.5,0.752
2076,4.0,3.6,0.732
2077,4.0,3.7,0.74
2078,4.0,3.8,0.766
2079,4.0,3.9,0.77
2080,4.0,4.0,0.824
2081,4.0,4.1,0.778
2082,4.0,4.2,0.788
2083,4.0,4.3,0.712
2084,4.0,4.4,0.746
2085,4.0,4.5,0.742
2086,4.0,4.6,0.712
2087,4.0,4.7,0.74
2088,4.0,4.8,0.68
2089,4.0,4.9,0.728
2090,4.0,5.0,0.712
2091,4.1,0.0,0.5
2092,4.1,0.1,0.53
2093,4.1,0.2,0.578
2094,4.1,0.3,0.576
2095,4.1,0.4,0.64
2096,4.1,0.5,0.654
2097,4.1,0.6,0.672
2098,4.1,0.7,0.648
2099,4.1,0.8,0.708
2100,4.1,0.9,0.722
2101,4.1,1.0,0.748
2102,4.1,1.1,0.736
2103,4.1,1.2,0.746
2104,4.1,1.3,0.774
2105,4.1,1.4,0.792
2106,4.1,1.5,0.748
2107,4.1,1.6,0.79
2108,4.1,1.7,0.756
2109,4.1,1.8,0.774
2110,4.1,1.9,0.786
2111,4.1,2.0,0.772
2112,4.1,2.1,0.768
2113,4.1,2.2,0.778
2114,4.1,2.3,0.762
2115,4.1,2.4,0.744
2116,4.1,2.5,0.796
2117,4.1,2.6,0.77
2118,4.1,2.7,0.728
2119,4.1,2.8,0.796
2120,4.1,2.9,0.784
2121,4.1,3.0,0.766
2122,4.1,3.1,0.774
2123,4.1,3.2,0.8
2124,4.1,3.3,0.802
2125,4.1,3.4,0.768
2126,4.1,3.5,0.746
2127,4.1,3.6,0.782
2128,4.1,3.7,0.784
2129,4.1,3.8,0.766
2130,4.1,3.9,0.774
2131,4.1,4.0,0.774
2132,4.1,4.1,0.774
2133,4.1,4.2,0.784
2134,4.1,4.3,0.776
2135,4.1,4.4,0.762
2136,4.1,4.5,0.72
2137,4.1,4.6,0.712
2138,4.1,4.7,0.724
2139,4.1,4.8,0.728
2140,4.1,4.9,0.678
2141,4.1,5.0,0.686
2142,4.2,0.0,0.38
2143,4.2,0.1,0.476
2144,4.2,0.2,0.522
2145,4.2,0.3,0.62
2146,4.2,0.4,0.666
2147,4.2,0.5,0.672
2148,4.2,0.6,0.668
2149,4.2,0.7,0.674
2150,4.2,0.8,0.684
2151,4.2,0.9,0.676
2152,4.2,1.0,0.734
2153,4.2,1.1,0.768
2154,4.2,1.2,0.732
2155,4.2,1.3,0.764
2156,4.2,1.4,0.764
2157,4.2,1.5,0.722
2158,4.2,1.6,0.764
2159,4.2,1.7,0.762
2160,4.2,1.8,0.748
2161,4.2,1.9,0.782
2162,4.2,2.0,0.762
2163,4.2,2.1,0.748
2164,4.2,2.2,0.762
2165,4.2,2.3,0.744
2166,4.2,2.4,0.798
2167,4.2,2.5,0.764
2168,4.2,2.6,0.796
2169,4.2,2.7,0.762
2170,4.2,2.8,0.766
2171,4.2,2.9,0.79
2172,4.2,3.0,0.77
2173,4.2,3.1,0.772
2174,4.2,3.2,0.784
2175,4.2,3.3,0.796
2176,4.2,3.4,0.736
2177,4.2,3.5,0.776
2178,4.2,3.6,0.738
2179,4.2,3.7,0.746
2180,4.2,3.8,0.736
2181,4.2,3.9,0.77
2182,4.2,4.0,0.782
2183,4.2,4.1,0.746
2184,4.2,4.2,0.772
2185,4.2,4.3,0.814
2186,4.2,4.4,0.758
2187,4.2,4.5,0.74
2188,4.2,4.6,0.74
2189,4.2,4.7,0.726
2190,4.2,4.8,0.686
2191,4.2,4.9,0.71
2192,4.2,5.0,0.684
2193,4.3,0.0,0.25
2194,4.3,0.1,0.346
2195,4.3,0.2,0.466
2196,4.3,0.3,0.556
2197,4.3,0.4,0.58
2198,4.3,0.5,0.66
2199,4.3,0.6,0.69
2200,4.3,0.7,0.682
2201,4.3,0.8,0.674
2202,4.3,0.9,0.68
2203,4.3,1.0,0.686
2204,4.3,1.1,0.688
2205,4.3,1.2,0.702
2206,4.3,1.3,0.756
2207,4.3,1.4,0.784
2208,4.3,1.5,0.758
2209,4.3,1.6,0.756
2210,4.3,1.7,0.802
2211,4.3,1.8,0.738
2212,4.3,1.9,0.742
2213,4.3,2.0,0.786
2214,4.3,2.1,0.794
2215,4.3,2.2,0.752
2216,4.3,2.3,0.816
2217,4.3,2.4,0.768
2218,4.3,2.5,0.752
2219,4.3,2.6,0.764
2220,4.3,2.7,0.788
2221,4.3,2.8,0.776
2222,4.3,2.9,0.762
2223,4.3,3.0,0.796
2224,4.3,3.1,0.738
2225,4.3,3.2,0.774
2226,4.3,3.3,0.842
2227,4.3,3.4,0.78
2228,4.3,3.5,0.752
2229,4.3,3.6,0.782
2230,4.3,3.7,0.766
2231,4.3,3.8,0.772
2232,4.3,3.9,0.754
2233,4.3,4.0,0.796
2234,4.3,4.1,0.794
2235,4.3,4.2,0.798
2236,4.3,4.3,0.762
2237,4.3,4.4,0.788
2238,4.3,4.5,0.754
2239,4.3,4.6,0.756
2240,4.3,4.7,0.754
2241,4.3,4.8,0.728
2242,4.3,4.9,0.696
2243,4.3,5.0,0.718
2244,4.4,0.0,0.156
2245,4.4,0.1,0.266
2246,4.4,0.2,0.4
2247,4.4,0.3,0.472
2248,4.4,0.4,0.5
2249,4.4,0.5,0.608
2250,4.4,0.6,0.584
2251,4.4,0.7,0.688
2252,4.4,0.8,0.668
2253,4.4,0.9,0.702
2254,4.4,1.0,0.674
2255,4.4,1.1,0.686
2256,4.4,1.2,0.678
2257,4.4,1.3,0.72
2258,4.4,1.4,0.79
2259,4.4,1.5,0.738
2260,4.4,1.6,0.75
2261,4.4,1.7,0.752
2262,4.4,1.8,0.732
2263,4.4,1.9,0.76
2264,4.4,2.0,0.76
2265,4.4,2.1,0.768
2266,4.4,2.2,0.78
2267,4.4,2.3,0.752
2268,4.4,2.4,0.788
2269,4.4,2.5,0.754
2270,4.4,2.6,0.762
2271,4.4,2.7,0.77
2272,4.4,2.8,0.774
2273,4.4,2.9,0.768
2274,4.4,3.0,0.774
2275,4.4,3.1,0.814
2276,4.4,3.2,0.752
2277,4.4,3.3,0.81
2278,4.4,3.4,0.788
2279,4.4,3.5,0.76
2280,4.4,3.6,0.774
2281,4.4,3.7,0.782
2282,4.4,3.8,0.758
2283,4.4,3.9,0.802
2284,4.4,4.0,0.774
2285,4.4,4.1,0.8
2286,4.4,4.2,0.766
2287,4.4,4.3,0.77
2288,4.4,4.4,0.786
2289,4.4,4.5,0.804
2290,4.4,4.6,0.742
2291,4.4,4.7,0.716
2292,4.4,4.8,0.742
2293,4.4,4.9,0.7
2294,4.4,5.0,0.686
2295,4.5,0.0,0.098
2296,4.5,0.1,0.118
2297,4.5,0.2,0.26
2298,4.5,0.3,0.382
2299,4.5,0.4,0.452
2300,4.5,0.5,0.57
2301,4.5,0.6,0.624
2302,4.5,0.7,0.654
2303,4.5,0.8,0.644
2304,4.5,0.9,0.672
2305,4.5,1.0,0.7
2306,4.5,1.1,0.644
2307,4.5,1.2,0.692
2308,4.5,1.3,0.722
2309,4.5,1.4,0.726
2310,4.5,1.5,0.784
2311,4.5,1.6,0.762
2312,4.5,1.7,0.75
2313,4.5,1.8,0.768
2314,4.5,1.9,0.8
2315,4.5,2.0,0.742
2316,4.5,2.1,0.78
2317,4.5,2.2,0.766
2318,4.5,2.3,0.79
2319,4.5,2.4,0.808
2320,4.5,2.5,0.77
2321,4.5,2.6,0.778
2322,4.5,2.7,0.774
2323,4.5,2.8,0.768
2324,4.5,2.9,0.776
2325,4.5,3.0,0.758
2326,4.5,3.1,0.77
2327,4.5,3.2,0.79
2328,4.5,3.3,0.796
2329,4.5,3.4,0.774
2330,4.5,3.5,0.76
2331,4.5,3.6,0.778
2332,4.5,3.7,0.744
2333,4.5,3.8,0.8
2334,4.5,3.9,0.756
2335,4.5,4.0,0.766
2336,4.5,4.1,0.784
2337,4.5,4.2,0.758
2338,4.5,4.3,0.716
2339,4.5,4.4,0.79
2340,4.5,4.5,0.808
2341,4.5,4.6,0.788
2342,4.5,4.7,0.75
2343,4.5,4.8,0.736
2344,4.5,4.9,0.704
2345,4.5,5.0,0.736
2346,4.6,0.0,0.078
2347,4.6,0.1,0.114
2348,4.6,0.2,0.132
2349,4.6,0.3,0.264
2350,4.6,0.4,0.382
2351,4.6,0.5,0.458
2352,4.6,0.6,0.556
2353,4.6,0.7,0.59
2354,4.6,0.8,0.638
2355,4.6,0.9,0.694
2356,4.6,1.0,0.72
2357,4.6,1.1,0.662
2358,4.6,1.2,0.654
2359,4.6,1.3,0.686
2360,4.6,1.4,0.74
2361,4.6,1.5,0.74
2362,4.6,1.6,0.738
2363,4.6,1.7,0.774
2364,4.6,1.8,0.772
2365,4.6,1.9,0.742
2366,4.6,2.0,0.746
2367,4.6,2.1,0.76
2368,4.6,2.2,0.752
2369,4.6,2.3,0.774
2370,4.6,2.4,0.776
2371,4.6,2.5,0.768
2372,4.6,2.6,0.802
2373,4.6,2.7,0.778
2374,4.6,2.8,0.784
2375,4.6,2.9,0.778
2376,4.6,3.0,0.778
2377,4.6,3.1,0.804
2378,4.6,3.2,0.788
2379,4.6,3.3,0.758
2380,4.6,3.4,0.79
2381,4.6,3.5,0.802
2382,4.6,3.6,0.802
2383,4.6,3.7,0.808
2384,4.6,3.8,0.782
2385,4.6,3.9,0.77
2386,4.6,4.0,0.796
2387,4.6,4.1,0.76
2388,4.6,4.2,0.76
2389,4.6,4.3,0.762
2390,4.6,4.4,0.762
2391,4.6,4.5,0.788
2392,4.6,4.6,0.8
2393,4.6,4.7,0.758
2394,4.6,4.8,0.726
2395,4.6,4.9,0.74
2396,4.6,5.0,0.76
2397,4.7,0.0,0.11
2398,4.7,0.1,0.104
2399,4.7,0.2,0.084
2400,4.7,0.3,0.144
2401,4.7,0.4,0.248
2402,4.7,0.5,0.384
2403,4.7,0.6,0.45
2404,4.7,0.7,0.536
2405,4.7,0.8,0.59
2406,4.7,0.9,0.602
2407,4.7,1.0,0.672
2408,4.7,1.1,0.648
2409,4.7,1.2,0.676
2410,4.7,1.3,0.672
2411,4.7,1.4,0.71
2412,4.7,1.5,0.728
2413,4.7,1.6,0.728
2414,4.7,1.7,0.726
2415,4.7,1.8,0.756
2416,4.7,1.9,0.762
2417,4.7,2.0,0.79
2418,4.7,2.1,0.718
2419,4.7,2.2,0.756
2420,4.7,2.3,0.776
2421,4.7,2.4,0.76
2422,4.7,2.5,0.778
2423,4.7,2.6,0.77
2424,4.7,2.7,0.78
2425,4.7,2.8,0.774
2426,4.7,2.9,0.77
2427,4.7,3.0,0.77
2428,4.7,3.1,0.752
2429,4.7,3.2,0.76
2430,4.7,3.3,0.768
2431,4.7,3.4,0.78
2432,4.7,3.5,0.804
2433,4.7,3.6,0.784
2434,4.7,3.7,0.766
2435,4.7,3.8,0.794
2436,4.7,3.9,0.782
2437,4.7,4.0,0.786
2438,4.7,4.1,0.746
2439,4.7,4.2,0.758
2440,4.7,4.3,0.76
2441,4.7,4.4,0.768
2442,4.7,4.5,0.782
2443,4.7,4.6,0.766
2444,4.7,4.7,0.808
2445,4.7,4.8,0.762
2446,4.7,4.9,0.786
2447,4.7,5.0,0.738
2448,4.8,0.0,0.114
2449,4.8,0.1,0.098
2450,4.8,0.2,0.122
2451,4.8,0.3,0.088
2452,4.8,0.4,0.132
2453,4.8,0.5,0.266
2454,4.8,0.6,0.37
2455,4.8,0.7,0.464
2456,4.8,0.8,0.532
2457,4.8,0.9,0.54
2458,4.8,1.0,0.676
2459,4.8,1.1,0.656
2460,4.8,1.2,0.71
2461,4.8,1.3,0.684
2462,4.8,1.4,0.68
2463,4.8,1.5,0.722
2464,4.8,1.6,0.682
2465,4.8,1.7,0.77
2466,4.8,1.8,0.728
2467,4.8,1.9,0.764
2468,4.8,2.0,0.768
2469,4.8,2.1,0.8
2470,4.8,2.2,0.754
2471,4.8,2.3,0.786
2472,4.8,2.4,0.78
2473,4.8,2.5,0.782
2474,4.8,2.6,0.756
2475,4.8,2.7,0.742
2476,4.8,2.8,0.774
2477,4.8,2.9,0.798
2478,4.8,3.0,0.774
2479,4.8,3.1,0.764
2480,4.8,3.2,0.784
2481,4.8,3.3,0.758
2482,4.8,3.4,0.804
2483,4.8,3.5,0.786
2484,4.8,3.6,0.782
2485,4.8,3.7,0.782
2486,4.8,3.8,0.766
2487,4.8,3.9,0.782
2488,4.8,4.0,0.786
2489,4.8,4.1,0.754
2490,4.8,4.2,0.78
2491,4.8,4.3,0.768
2492,4.8,4.4,0.754
2493,4.8,4.5,0.738
2494,4.8,4.6,0.754
2495,4.8,4.7,0.776
2496,4.8,4.8,0.768
2497,4.8,4.9,0.766
2498,4.8,5.0,0.788
2499,4.9,0.0,0.114
2500,4.9,0.1,0.088
2501,4.9,0.2,0.09
2502,4.9,0.3,0.092
2503,4.9,0.4,0.092
2504,4.9,0.5,0.148
2505,4.9,0.6,0.234
2506,4.9,0.7,0.35
2507,4.9,0.8,0.476
2508,4.9,0.9,0.554
2509,4.9,1.0,0.608
2510,4.9,1.1,0.65
2511,4.9,1.2,0.664
2512,4.9,1.3,0.644
2513,4.9,1.4,0.668
2514,4.9,1.5,0.632
2515,4.9,1.6,0.708
2516,4.9,1.7,0.718
2517,4.9,1.8,0.744
2518,4.9,1.9,0.748
2519,4.9,2.0,0.776
2520,4.9,2.1,0.772
2521,4.9,2.2,0.768
2522,4.9,2.3,0.764
2523,4.9,2.4,0.752
2524,4.9,2.5,0.726
2525,4.9,2.6,0.758
2526,4.9,2.7,0.778
2527,4.9,2.8,0.772
2528,4.9,2.9,0.774
2529,4.9,3.0,0.792
2530,4.9,3.1,0.786
2531,4.9,3.2,0.798
2532,4.9,3.3,0.788
2533,4.9,3.4,0.76
2534,4.9,3.5,0.794
2535,4.9,3.6,0.804
2536,4.9,3.7,0.808
2537,4.9,3.8,0.764
2538,4.9,3.9,0.77
2539,4.9,4.0,0.782
2540,4.9,4.1,0.756
2541,4.9,4.2,0.772
2542,4.9,4.3,0.74
2543,4.9,4.4,0.776
2544,4.9,4.5,0.78
2545,4.9,4.6,0.79
2546,4.9,4.7,0.738
2547,4.9,4.8,0.762
2548,4.9,4.9,0.774
2549,4.9,5.0,0.776
2550,5.0,0.0,0.082
2551,5.0,0.1,0.098
2552,5.0,0.2,0.096
2553,5.0,0.3,0.106
2554,5.0,0.4,0.088
2555,5.0,0.5,0.112
2556,5.0,0.6,0.138
2557,5.0,0.7,0.24
2558,5.0,0.8,0.4
2559,5.0,0.9,0.454
2560,5.0,1.0,0.57
2561,5.0,1.1,0.612
2562,5.0,1.2,0.638
2563,5.0,1.3,0.664
2564,5.0,1.4,0.688
2565,5.0,1.5,0.676
2566,5.0,1.6,0.688
2567,5.0,1.7,0.684
2568,5.0,1.8,0.692
2569,5.0,1.9,0.728
2570,5.0,2.0,0.74
2571,5.0,2.1,0.756
2572,5.0,2.2,0.774
2573,5.0,2.3,0.78
2574,5.0,2.4,0.764
2575,5.0,2.5,0.788
2576,5.0,2.6,0.766
2577,5.0,2.7,0.768
2578,5.0,2.8,0.766
2579,5.0,2.9,0.776
2580,5.0,3.0,0.776
2581,5.0,3.1,0.784
2582,5.0,3.2,0.808
2583,5.0,3.3,0.77
2584,5.0,3.4,0.788
2585,5.0,3.5,0.774
2586,5.0,3.6,0.796
2587,5.0,3.7,0.782
2588,5.0,3.8,0.786
2589,5.0,3.9,0.786
2590,5.0,4.0,0.764
2591,5.0,4.1,0.77
2592,5.0,4.2,0.784
2593,5.0,4.3,0.774
2594,5.0,4.4,0.77
2595,5.0,4.5,0.768
2596,5.0,4.6,0.77
2597,5.0,4.7,0.778
2598,5.0,4.8,0.796
2599,5.0,4.9,0.766
2600,5.0,5.0,0.782
