,avg_correct_ranking,avg_incrt,avg_incrt_w_n,avg_pval,mum,sigm,success_rate
0,0.117,0.041644444444444734,0.04186666666666708,0.2502457445012296,100,0,0.857
1,0.155,0.056788888888889354,0.043755555555555846,0.23536591954423758,100,10,0.86
2,0.111,0.07847777777777828,0.04513333333333372,0.2467890621002005,100,20,0.862
3,0.125,0.09886666666666705,0.047788888888889276,0.27151697015232545,100,30,0.821
4,0.122,0.11682222222222254,0.049555555555556026,0.2694883462247806,100,40,0.834
5,0.107,0.12745555555555604,0.05073333333333383,0.2691159858080257,100,50,0.833
6,0.114,0.13727777777777803,0.052488888888889335,0.2717674451664764,100,60,0.833
7,0.094,0.14520000000000055,0.0536333333333339,0.29392306388501827,100,70,0.815
8,0.113,0.14845555555555592,0.0533888888888894,0.2872115655856893,100,80,0.815
9,0.112,0.15464444444444472,0.05590000000000056,0.29688267921247913,100,90,0.807
10,0.096,0.15674444444444458,0.05633333333333394,0.284929863727416,100,100,0.788
11,0.12,0.1550111111111114,0.055044444444444965,0.2851632559919675,100,110,0.823
12,0.117,0.1514777777777783,0.05087777777777829,0.27218482968393415,100,120,0.838
13,0.132,0.15576666666666691,0.05076666666666717,0.2847030017474656,100,130,0.834
14,0.148,0.15765555555555602,0.051400000000000404,0.28279398364778424,100,140,0.792
15,0.126,0.15560000000000052,0.04937777777777818,0.2712903018767063,100,150,0.841
16,0.128,0.1548888888888891,0.049244444444444896,0.2561727942327391,100,160,0.829
17,0.134,0.15351111111111146,0.04694444444444491,0.26447302740239764,100,170,0.836
18,0.151,0.1597444444444452,0.04775555555555601,0.268146990196125,100,180,0.837
19,0.155,0.15775555555555595,0.04738888888888934,0.2756506604867547,100,190,0.835
20,0.138,0.16058888888888917,0.04796666666666713,0.24635618729258643,100,200,0.844
21,0.164,0.1547555555555561,0.045833333333333726,0.25667605171815994,100,210,0.842
22,0.15,0.16176666666666695,0.047077777777778176,0.25184277278849465,100,220,0.854
23,0.155,0.15666666666666698,0.04464444444444486,0.2531992475385652,100,230,0.827
24,0.172,0.1572111111111114,0.044733333333333694,0.24449486008287138,100,240,0.836
25,0.178,0.15730000000000036,0.04502222222222259,0.24782933471241927,100,250,0.837
26,0.165,0.15813333333333376,0.04327777777777813,0.23138555476038866,100,260,0.863
27,0.173,0.15772222222222265,0.042000000000000356,0.23407869306966997,100,270,0.871
28,0.18,0.15652222222222265,0.04177777777777801,0.23599563768043855,100,280,0.855
29,0.179,0.15750000000000036,0.041677777777778056,0.24182184751633556,100,290,0.834
30,0.205,0.15650000000000053,0.03910000000000019,0.2013103943855737,100,300,0.871
31,0.193,0.1568111111111113,0.039555555555555816,0.2181635156480182,100,310,0.864
32,0.207,0.15466666666666687,0.03968888888888914,0.2155193178170689,100,320,0.859
33,0.213,0.15601111111111124,0.03954444444444466,0.23553863849391846,100,330,0.879
34,0.212,0.1560666666666668,0.040488888888889116,0.22744177356676146,100,340,0.848
35,0.213,0.15797777777777808,0.038677777777777936,0.224674165313219,100,350,0.856
36,0.207,0.15426666666666702,0.037933333333333506,0.22356091071072967,100,360,0.862
37,0.205,0.15954444444444474,0.03907777777777798,0.21210850242531454,100,370,0.866
38,0.228,0.15896666666666692,0.038155555555555665,0.22741149597017699,100,380,0.862
39,0.211,0.1525555555555559,0.03700000000000015,0.1968269720528805,100,390,0.884
40,0.23,0.15517777777777816,0.036688888888889,0.21658021806340552,100,400,0.866
41,0.237,0.15492222222222263,0.03610000000000011,0.214888802428389,100,410,0.864
42,0.209,0.15601111111111154,0.03794444444444461,0.20474106908402404,100,420,0.85
43,0.225,0.15735555555555616,0.03667777777777787,0.19080147461743388,100,430,0.887
44,0.252,0.15414444444444486,0.035344444444444505,0.19474924825237086,100,440,0.863
45,0.247,0.15702222222222278,0.03505555555555563,0.19507780641727632,100,450,0.907
46,0.229,0.15506666666666713,0.035411111111111185,0.18721632996486803,100,460,0.893
47,0.242,0.15567777777777828,0.034,0.20384146842943832,100,470,0.875
48,0.271,0.15498888888888918,0.03189999999999991,0.18419328507895166,100,480,0.894
49,0.275,0.15296666666666708,0.0319888888888888,0.19096831592387437,100,490,0.872
50,0.224,0.030488888888888795,0.030588888888888957,0.18419391417848163,200,0,0.902
51,0.259,0.037888888888889236,0.031111111111111023,0.19909166540023873,200,10,0.889
52,0.234,0.04671111111111155,0.030499999999999913,0.17997583007920268,200,20,0.902
53,0.236,0.05880000000000046,0.03222222222222214,0.19929809158784784,200,30,0.889
54,0.234,0.06991111111111159,0.03339999999999996,0.20049382739598348,200,40,0.872
55,0.225,0.07572222222222262,0.03224444444444436,0.19866427586950927,200,50,0.892
56,0.223,0.0886333333333338,0.033566666666666654,0.18989707102268324,200,60,0.904
57,0.227,0.09925555555555603,0.03309999999999996,0.19784990682166487,200,70,0.911
58,0.219,0.10938888888888916,0.03481111111111111,0.20007078364770492,200,80,0.888
59,0.225,0.11264444444444478,0.03534444444444449,0.21035476075077666,200,90,0.871
60,0.214,0.11924444444444476,0.03591111111111119,0.2111305848271281,200,100,0.891
61,0.203,0.12530000000000036,0.03740000000000016,0.2229460831364226,200,110,0.879
62,0.206,0.1296111111111115,0.03802222222222236,0.2190760708815109,200,120,0.877
63,0.229,0.13216666666666696,0.035933333333333456,0.2175278964730287,200,130,0.878
64,0.205,0.13404444444444485,0.03815555555555571,0.22644436175551683,200,140,0.866
65,0.217,0.14008888888888918,0.03877777777777794,0.22493615572960068,200,150,0.874
66,0.205,0.1407111111111116,0.03904444444444462,0.2237460033083125,200,160,0.865
67,0.197,0.14166666666666686,0.03911111111111127,0.2043359392897097,200,170,0.882
68,0.198,0.14863333333333384,0.04076666666666691,0.21945708456259289,200,180,0.862
69,0.18,0.1446111111111117,0.04108888888888915,0.21760268904590419,200,190,0.864
70,0.212,0.14397777777777812,0.03840000000000017,0.21911304537059134,200,200,0.857
71,0.199,0.14804444444444484,0.04113333333333367,0.22361409767810686,200,210,0.868
72,0.202,0.15204444444444462,0.0406222222222225,0.21200078630369,200,220,0.864
73,0.217,0.14653333333333374,0.0376666666666668,0.20766550809668397,200,230,0.86
74,0.216,0.1444888888888892,0.037088888888889,0.2152855601052687,200,240,0.875
75,0.219,0.14621111111111137,0.03725555555555566,0.21906095508363604,200,250,0.859
76,0.218,0.14911111111111158,0.03784444444444459,0.22031058832459205,200,260,0.866
77,0.239,0.1461666666666668,0.035466666666666744,0.19032461959953795,200,270,0.889
78,0.224,0.14862222222222243,0.03750000000000007,0.21373534838012836,200,280,0.866
79,0.228,0.15114444444444486,0.034611111111111106,0.20139398983256823,200,290,0.858
80,0.233,0.14884444444444483,0.035500000000000066,0.19882761953223232,200,300,0.876
81,0.2,0.15081111111111153,0.036411111111111207,0.19828428206930362,200,310,0.871
82,0.249,0.15096666666666736,0.034944444444444486,0.20516192524641835,200,320,0.876
83,0.237,0.15171111111111163,0.03541111111111115,0.2014143028131466,200,330,0.856
84,0.224,0.15145555555555593,0.03644444444444456,0.21829511038331975,200,340,0.873
85,0.227,0.1498000000000005,0.033699999999999994,0.20057977777730204,200,350,0.879
86,0.223,0.1525777777777782,0.03510000000000004,0.19798933759804668,200,360,0.873
87,0.239,0.14956666666666707,0.03494444444444451,0.20549562767651985,200,370,0.868
88,0.237,0.15042222222222262,0.03546666666666674,0.20652266933859803,200,380,0.889
89,0.238,0.15074444444444468,0.033800000000000004,0.19137989452217627,200,390,0.882
90,0.258,0.14885555555555602,0.032655555555555514,0.18072681252012926,200,400,0.899
91,0.25,0.15116666666666714,0.033388888888888885,0.18302141496189234,200,410,0.911
92,0.265,0.1493888888888892,0.03228888888888881,0.2036553874800062,200,420,0.877
93,0.254,0.15117777777777808,0.03406666666666667,0.1952179790309728,200,430,0.889
94,0.284,0.15057777777777825,0.030999999999999913,0.18648683479270328,200,440,0.899
95,0.282,0.1485222222222225,0.031077777777777687,0.19293885866038063,200,450,0.89
96,0.261,0.15522222222222268,0.031211111111111023,0.17863043724056574,200,460,0.902
97,0.266,0.1504666666666669,0.03233333333333326,0.18799555310060612,200,470,0.898
98,0.273,0.15110000000000032,0.031688888888888794,0.18281634806574618,200,480,0.901
99,0.264,0.1540222222222228,0.032222222222222145,0.19155425031077847,200,490,0.9
100,0.305,0.025822222222222146,0.02574444444444444,0.17621472689064957,300,0,0.901
101,0.281,0.029988888888889096,0.026255555555555483,0.16241337880162013,300,10,0.911
102,0.284,0.038011111111111474,0.02741111111111103,0.16154281218259472,300,20,0.904
103,0.321,0.04246666666666713,0.024366666666666592,0.16067114539897687,300,30,0.918
104,0.297,0.05066666666666713,0.026011111111111034,0.16569481448362836,300,40,0.923
105,0.306,0.056666666666667066,0.025755555555555483,0.15710176837371856,300,50,0.915
106,0.319,0.06578888888888933,0.025466666666666585,0.15574128435444323,300,60,0.914
107,0.304,0.06996666666666727,0.02596666666666659,0.16810239048309816,300,70,0.901
108,0.31,0.07992222222222264,0.026499999999999923,0.16859601116468062,300,80,0.907
109,0.295,0.08446666666666713,0.02674444444444437,0.15627948957903723,300,90,0.915
110,0.307,0.09012222222222266,0.026166666666666588,0.17521616768335088,300,100,0.915
111,0.273,0.09921111111111142,0.029555555555555463,0.16997909992660715,300,110,0.899
112,0.287,0.10194444444444485,0.027888888888888803,0.17978754587846535,300,120,0.906
113,0.256,0.10736666666666698,0.029588888888888807,0.18382494881494424,300,130,0.9
114,0.285,0.11081111111111153,0.028522222222222133,0.16708375391549077,300,140,0.9
115,0.269,0.11523333333333356,0.029433333333333245,0.18123918133155836,300,150,0.898
116,0.262,0.12030000000000021,0.03012222222222213,0.17231997923599665,300,160,0.907
117,0.268,0.12227777777777815,0.03094444444444435,0.17292835440562343,300,170,0.891
118,0.266,0.12614444444444484,0.030277777777777685,0.1889519490901595,300,180,0.9
119,0.243,0.1274000000000004,0.03234444444444437,0.18880663751547994,300,190,0.894
120,0.235,0.129555555555556,0.03378888888888889,0.1790761312838519,300,200,0.907
121,0.266,0.13122222222222263,0.030455555555555465,0.20549036239367613,300,210,0.879
122,0.275,0.13161111111111148,0.02996666666666658,0.19227801855190021,300,220,0.894
123,0.275,0.1336666666666671,0.0320888888888888,0.18275425074929383,300,230,0.895
124,0.275,0.13391111111111148,0.030411111111111028,0.17871006499890846,300,240,0.891
125,0.26,0.13435555555555598,0.0313999999999999,0.18099293891417173,300,250,0.891
126,0.259,0.13950000000000043,0.03345555555555553,0.20389999696068647,300,260,0.877
127,0.255,0.14031111111111141,0.03361111111111108,0.20411448406287075,300,270,0.895
128,0.256,0.13591111111111123,0.03291111111111107,0.20931044397937837,300,280,0.889
129,0.257,0.1367888888888891,0.031933333333333244,0.18495173218467098,300,290,0.892
130,0.268,0.1401444444444448,0.031011111111111024,0.1760577398107231,300,300,0.895
131,0.265,0.14100000000000054,0.03139999999999991,0.18256490491886035,300,310,0.893
132,0.271,0.14128888888888927,0.031222222222222134,0.19094521831115147,300,320,0.881
133,0.266,0.1428444444444451,0.032966666666666616,0.18830812920983578,300,330,0.884
134,0.262,0.14345555555555586,0.03338888888888886,0.18149782866748082,300,340,0.899
135,0.274,0.14437777777777822,0.03185555555555547,0.1881349305524958,300,350,0.887
136,0.257,0.14535555555555613,0.03135555555555547,0.17921883499162336,300,360,0.895
137,0.279,0.14353333333333382,0.030788888888888796,0.1830655414861189,300,370,0.905
138,0.259,0.14484444444444491,0.03142222222222213,0.1704818313133115,300,380,0.899
139,0.277,0.1422333333333339,0.030588888888888808,0.1806099193445863,300,390,0.901
140,0.287,0.14615555555555604,0.03105555555555547,0.204831146387765,300,400,0.867
141,0.279,0.1487333333333337,0.031999999999999904,0.18668123783472867,300,410,0.892
142,0.278,0.1455444444444448,0.029988888888888798,0.18246586115135038,300,420,0.896
143,0.274,0.14812222222222277,0.030822222222222133,0.16960464553609902,300,430,0.911
144,0.298,0.15011111111111153,0.02995555555555547,0.16855393081188563,300,440,0.896
145,0.292,0.14540000000000033,0.029911111111111027,0.1692295248078824,300,450,0.887
146,0.268,0.14956666666666713,0.03131111111111102,0.1725452262829188,300,460,0.898
147,0.297,0.14880000000000027,0.029788888888888802,0.17090690932435257,300,470,0.903
148,0.271,0.1487666666666671,0.032122222222222135,0.16599739905763153,300,480,0.89
149,0.293,0.14835555555555588,0.03043333333333325,0.16209449227605321,300,490,0.907
150,0.325,0.022844444444444376,0.023011111111111086,0.13119492281001854,400,0,0.913
151,0.348,0.025444444444444585,0.02294444444444438,0.13097023732977642,400,10,0.938
152,0.369,0.030333333333333642,0.022644444444444373,0.13139323247426157,400,20,0.929
153,0.384,0.035166666666667054,0.021388888888888822,0.1336863813117131,400,30,0.931
154,0.39,0.04055555555555597,0.02159999999999994,0.13302377705499116,400,40,0.919
155,0.355,0.04572222222222273,0.022299999999999934,0.14410229013613574,400,50,0.92
156,0.375,0.0507888888888893,0.021999999999999936,0.14738046888382955,400,60,0.929
157,0.359,0.058222222222222696,0.022233333333333268,0.1324925455997463,400,70,0.938
158,0.357,0.06366666666666708,0.022622222222222155,0.14252104875141855,400,80,0.923
159,0.347,0.06821111111111165,0.023333333333333265,0.13326451896026248,400,90,0.927
160,0.362,0.07336666666666719,0.023299999999999932,0.1380463845149875,400,100,0.923
161,0.354,0.07964444444444482,0.02278888888888882,0.14134059411523245,400,110,0.936
162,0.353,0.08385555555555609,0.02382222222222215,0.151926127698719,400,120,0.916
163,0.351,0.08901111111111151,0.024577777777777705,0.154978740586008,400,130,0.915
164,0.339,0.09307777777777818,0.023611111111111045,0.1330226397048336,400,140,0.934
165,0.35,0.09671111111111162,0.02392222222222215,0.14173856208271352,400,150,0.936
166,0.335,0.10120000000000043,0.025033333333333258,0.1500220498837555,400,160,0.915
167,0.337,0.1033444444444447,0.023522222222222153,0.15457096031400513,400,170,0.917
168,0.322,0.10653333333333366,0.025833333333333257,0.1414258714046852,400,180,0.905
169,0.308,0.11002222222222272,0.02575555555555548,0.15136077694507355,400,190,0.925
170,0.312,0.11370000000000037,0.026966666666666583,0.15257455636646516,400,200,0.92
171,0.317,0.11656666666666712,0.026755555555555477,0.1620040762112621,400,210,0.905
172,0.314,0.11846666666666715,0.028255555555555468,0.1578996806990524,400,220,0.914
173,0.321,0.12015555555555595,0.02639999999999992,0.16689978613565096,400,230,0.909
174,0.297,0.12221111111111135,0.02686666666666659,0.14838805096595398,400,240,0.917
175,0.332,0.12351111111111146,0.02671111111111103,0.16371117199822044,400,250,0.915
176,0.315,0.12675555555555604,0.02715555555555548,0.1578856960804904,400,260,0.908
177,0.32,0.1294222222222226,0.02712222222222214,0.16336248885105692,400,270,0.907
178,0.308,0.1297444444444448,0.026966666666666587,0.1698036371652542,400,280,0.905
179,0.285,0.1306444444444448,0.029111111111111025,0.1585005678387396,400,290,0.904
180,0.274,0.133066666666667,0.029588888888888804,0.16463021219530477,400,300,0.897
181,0.318,0.1326888888888892,0.02658888888888881,0.16467543064408735,400,310,0.894
182,0.298,0.1346888888888895,0.027733333333333252,0.16801145208030457,400,320,0.911
183,0.304,0.13723333333333365,0.02772222222222214,0.17369630548140758,400,330,0.903
184,0.337,0.1346888888888895,0.02749999999999992,0.16766929754565407,400,340,0.906
185,0.321,0.13436666666666724,0.027911111111111025,0.1693197088091739,400,350,0.897
186,0.321,0.13871111111111162,0.026744444444444366,0.15974663649580795,400,360,0.912
187,0.308,0.14042222222222264,0.028699999999999917,0.16465529910298127,400,370,0.908
188,0.318,0.13591111111111148,0.026755555555555477,0.16395889104164094,400,380,0.911
189,0.336,0.13342222222222255,0.026999999999999916,0.17474861702382738,400,390,0.909
190,0.312,0.140966666666667,0.027944444444444362,0.16683477325306792,400,400,0.899
191,0.312,0.13876666666666693,0.02698888888888881,0.15257758766736854,400,410,0.917
192,0.32,0.14156666666666712,0.027966666666666584,0.15936136299372008,400,420,0.897
193,0.314,0.13958888888888932,0.028333333333333252,0.16907476313187902,400,430,0.897
194,0.33,0.14012222222222254,0.027333333333333255,0.17705059278733332,400,440,0.899
195,0.342,0.1405666666666669,0.026099999999999925,0.15074338116526606,400,450,0.91
196,0.301,0.13992222222222267,0.02686666666666659,0.163256969464689,400,460,0.911
197,0.323,0.14268888888888923,0.027088888888888808,0.16785948403900616,400,470,0.9
198,0.324,0.14242222222222256,0.027744444444444367,0.16043654819413058,400,480,0.921
199,0.352,0.13714444444444493,0.02543333333333326,0.14615366665789445,400,490,0.919
200,0.397,0.019866666666666605,0.0198444444444444,0.13014927010203073,500,0,0.939
201,0.403,0.02146666666666672,0.01978888888888883,0.12061184254344375,500,10,0.94
202,0.399,0.025011111111111307,0.01967777777777772,0.14432015935539566,500,20,0.931
203,0.391,0.03091111111111138,0.020555555555555497,0.13086625982166553,500,30,0.936
204,0.406,0.034622222222222596,0.020277777777777718,0.12832664442187658,500,40,0.937
205,0.405,0.03957777777777823,0.020522222222222164,0.12632404293821195,500,50,0.946
206,0.39,0.043800000000000464,0.020799999999999937,0.12329111977759669,500,60,0.923
207,0.44,0.04667777777777829,0.01884444444444439,0.11842699647418509,500,70,0.942
208,0.401,0.05390000000000049,0.020455555555555494,0.12277401160498184,500,80,0.926
209,0.396,0.05580000000000053,0.020544444444444383,0.12230220240598891,500,90,0.936
210,0.4,0.06173333333333374,0.019888888888888828,0.13645335630598654,500,100,0.927
211,0.444,0.064255555555556,0.01927777777777772,0.1120249615151071,500,110,0.943
212,0.392,0.06873333333333381,0.020244444444444384,0.14156471881509666,500,120,0.922
213,0.41,0.07286666666666736,0.019522222222222167,0.13597022406864984,500,130,0.932
214,0.383,0.07910000000000039,0.021088888888888824,0.1261828961858883,500,140,0.934
215,0.395,0.07973333333333389,0.020355555555555495,0.12723652362932794,500,150,0.942
216,0.399,0.08482222222222273,0.021088888888888824,0.12276578309027121,500,160,0.94
217,0.365,0.08955555555555601,0.021855555555555486,0.13702058181424423,500,170,0.93
218,0.366,0.09356666666666714,0.02239999999999993,0.12933819566140833,500,180,0.929
219,0.368,0.09698888888888928,0.023366666666666595,0.11839833920858317,500,190,0.93
220,0.364,0.10072222222222259,0.021944444444444378,0.1369869150257084,500,200,0.92
221,0.35,0.1038222222222228,0.023544444444444375,0.14331642643509276,500,210,0.921
222,0.385,0.10375555555555596,0.02232222222222216,0.13573733704734692,500,220,0.924
223,0.379,0.10617777777777825,0.0229666666666666,0.14693127559452943,500,230,0.912
224,0.343,0.11020000000000048,0.024322222222222148,0.15223167118679018,500,240,0.915
225,0.37,0.11237777777777823,0.0232666666666666,0.13449810754557323,500,250,0.928
226,0.362,0.11367777777777814,0.023944444444444372,0.14022980559500453,500,260,0.928
227,0.343,0.11981111111111138,0.02503333333333326,0.1450452891182954,500,270,0.918
228,0.347,0.11745555555555598,0.023466666666666598,0.15504143262654316,500,280,0.913
229,0.354,0.11912222222222262,0.023622222222222152,0.15020315651562538,500,290,0.927
230,0.381,0.11995555555555573,0.024133333333333257,0.14673494286751926,500,300,0.914
231,0.325,0.12157777777777834,0.02515555555555548,0.15090813479074583,500,310,0.913
232,0.35,0.12298888888888916,0.025099999999999924,0.14732866077088605,500,320,0.924
233,0.325,0.12683333333333363,0.02576666666666659,0.13890019245233842,500,330,0.924
234,0.337,0.12774444444444472,0.025022222222222147,0.15197668244807544,500,340,0.912
235,0.307,0.1291666666666669,0.027366666666666584,0.15893505416821363,500,350,0.909
236,0.339,0.13073333333333365,0.02579999999999992,0.14797132323772474,500,360,0.917
237,0.357,0.12966666666666693,0.024944444444444377,0.1577274421109251,500,370,0.911
238,0.331,0.12750000000000036,0.02473333333333326,0.1532595202613492,500,380,0.915
239,0.323,0.1328333333333336,0.026055555555555474,0.1497748403471423,500,390,0.924
240,0.358,0.130766666666667,0.025022222222222147,0.14218212205611053,500,400,0.925
241,0.364,0.13262222222222245,0.025077777777777702,0.14847354026714826,500,410,0.914
242,0.362,0.13417777777777812,0.02481111111111104,0.14720238295662566,500,420,0.925
243,0.345,0.13212222222222256,0.024811111111111034,0.15452542739514302,500,430,0.917
244,0.349,0.13432222222222256,0.025033333333333258,0.16575962593036556,500,440,0.907
245,0.329,0.13761111111111135,0.026644444444444363,0.1471243295918072,500,450,0.921
246,0.33,0.13808888888888912,0.026022222222222145,0.15182230526012655,500,460,0.911
247,0.373,0.13460000000000044,0.024466666666666595,0.15552977816039784,500,470,0.911
248,0.354,0.13590000000000033,0.02474444444444437,0.1492421954539279,500,480,0.918
249,0.32,0.13720000000000018,0.02556666666666659,0.15631424994512697,500,490,0.904
250,0.411,0.0189555555555555,0.018955555555555517,0.11710920099426261,600,0,0.939
251,0.454,0.018833333333333344,0.017199999999999948,0.10199300309939757,600,10,0.951
252,0.417,0.0234111111111113,0.018855555555555497,0.11335104499236502,600,20,0.936
253,0.469,0.02513333333333355,0.017255555555555503,0.11736305428661781,600,30,0.939
254,0.454,0.029833333333333628,0.017366666666666617,0.11466377295205135,600,40,0.945
255,0.467,0.03251111111111145,0.016844444444444395,0.10897332672133173,600,50,0.952
256,0.425,0.03885555555555597,0.019222222222222165,0.13179037847769995,600,60,0.927
257,0.43,0.04217777777777823,0.018766666666666612,0.11359647676425501,600,70,0.929
258,0.437,0.0452777777777782,0.018055555555555502,0.10968168987225957,600,80,0.953
259,0.427,0.04738888888888929,0.017911111111111055,0.10893786048733979,600,90,0.941
260,0.426,0.051588888888889274,0.01836666666666661,0.10853735165574063,600,100,0.941
261,0.446,0.0553444444444448,0.01808888888888884,0.10022821872929517,600,110,0.961
262,0.434,0.058611111111111586,0.018399999999999944,0.10708491818246013,600,120,0.939
263,0.432,0.06434444444444493,0.01894444444444439,0.11677938937453951,600,130,0.948
264,0.405,0.06825555555555596,0.019333333333333272,0.11558300342266146,600,140,0.948
265,0.418,0.06990000000000036,0.01887777777777772,0.11545825831312742,600,150,0.945
266,0.409,0.07301111111111153,0.019522222222222167,0.12742164830759645,600,160,0.925
267,0.426,0.07726666666666705,0.01907777777777772,0.11054136639321901,600,170,0.932
268,0.444,0.08127777777777813,0.018111111111111057,0.1306946334916683,600,180,0.931
269,0.432,0.08358888888888931,0.018288888888888834,0.11480079948156308,600,190,0.943
270,0.436,0.08713333333333372,0.020077777777777715,0.11596264576478887,600,200,0.946
271,0.436,0.09068888888888922,0.01928888888888883,0.12537157989913306,600,210,0.932
272,0.424,0.09470000000000033,0.01946666666666661,0.13284814012507362,600,220,0.929
273,0.399,0.09782222222222273,0.01987777777777772,0.11845978701157135,600,230,0.936
274,0.408,0.09696666666666691,0.020133333333333274,0.12556872809977945,600,240,0.938
275,0.407,0.09988888888888932,0.020755555555555492,0.13687293766846986,600,250,0.928
276,0.383,0.10513333333333384,0.021333333333333267,0.13398812520811113,600,260,0.917
277,0.406,0.10366666666666696,0.020133333333333274,0.11108711004063386,600,270,0.934
278,0.398,0.1076111111111113,0.021177777777777712,0.1324831486728791,600,280,0.941
279,0.391,0.11310000000000052,0.022111111111111043,0.14219109841828578,600,290,0.919
280,0.387,0.11193333333333387,0.02202222222222216,0.13175762787261397,600,300,0.931
281,0.398,0.11275555555555587,0.0215666666666666,0.13514885128663712,600,310,0.937
282,0.357,0.11528888888888929,0.02249999999999993,0.14894091614019045,600,320,0.91
283,0.388,0.11424444444444483,0.021455555555555495,0.12887435480536155,600,330,0.932
284,0.36,0.1212111111111115,0.022544444444444377,0.13659816706162656,600,340,0.927
285,0.394,0.12064444444444482,0.021288888888888823,0.1256218597973076,600,350,0.943
286,0.379,0.12172222222222258,0.022411111111111045,0.12211951696719218,600,360,0.936
287,0.404,0.12438888888888917,0.023011111111111038,0.1322500005510757,600,370,0.929
288,0.374,0.12200000000000036,0.02134444444444438,0.13593222985587114,600,380,0.929
289,0.369,0.12496666666666688,0.02257777777777771,0.13913969290451736,600,390,0.924
290,0.365,0.1261000000000004,0.023333333333333265,0.12506484538547732,600,400,0.938
291,0.402,0.1252777777777783,0.02204444444444438,0.14208431573361327,600,410,0.911
292,0.371,0.12852222222222262,0.02321111111111104,0.12997000286790053,600,420,0.925
293,0.378,0.1263555555555558,0.023577777777777708,0.14547136265058047,600,430,0.909
294,0.381,0.12387777777777809,0.021511111111111047,0.12874800379669746,600,440,0.925
295,0.391,0.12817777777777803,0.023155555555555492,0.13399682216239184,600,450,0.929
296,0.357,0.13064444444444495,0.023822222222222154,0.14997100585521408,600,460,0.925
297,0.391,0.13007777777777813,0.021211111111111052,0.1399591280595748,600,470,0.919
298,0.402,0.13135555555555575,0.022677777777777713,0.1366176647557409,600,480,0.918
299,0.376,0.13177777777777824,0.023222222222222155,0.13797343778533006,600,490,0.94
300,0.465,0.015822222222222175,0.015588888888888841,0.1080076616260053,700,0,0.951
301,0.492,0.01737777777777777,0.01569999999999995,0.10159803897254693,700,10,0.959
302,0.475,0.02001111111111117,0.01641111111111106,0.1048217917503625,700,20,0.946
303,0.47,0.02334444444444461,0.01649999999999995,0.0975860358214455,700,30,0.945
304,0.475,0.025655555555555803,0.015577777777777732,0.10311288753662073,700,40,0.943
305,0.471,0.028822222222222502,0.016666666666666618,0.09885244278905876,700,50,0.948
306,0.477,0.032444444444444796,0.016133333333333288,0.10864169905217792,700,60,0.952
307,0.473,0.03633333333333372,0.016844444444444395,0.09574790875692317,700,70,0.957
308,0.499,0.039588888888889284,0.01629999999999995,0.10174354859455623,700,80,0.944
309,0.474,0.04227777777777816,0.01626666666666662,0.1067800819027906,700,90,0.943
310,0.477,0.04627777777777824,0.016866666666666617,0.11169612269899384,700,100,0.934
311,0.454,0.05048888888888944,0.017799999999999948,0.10358688650819266,700,110,0.946
312,0.451,0.052833333333333746,0.01693333333333328,0.10427609177494183,700,120,0.951
313,0.477,0.05575555555555598,0.016622222222222174,0.11430148704671603,700,130,0.946
314,0.475,0.05842222222222268,0.01704444444444439,0.10585060133266326,700,140,0.937
315,0.475,0.059166666666667096,0.016511111111111063,0.10689331355073574,700,150,0.954
316,0.464,0.06593333333333372,0.016988888888888838,0.11202980231458912,700,160,0.939
317,0.44,0.06567777777777824,0.01826666666666661,0.10260426975304823,700,170,0.945
318,0.436,0.06928888888888936,0.017944444444444395,0.11258298820125086,700,180,0.928
319,0.449,0.07371111111111164,0.017699999999999945,0.10771585752759069,700,190,0.943
320,0.463,0.0766111111111115,0.016611111111111063,0.12169477576740438,700,200,0.938
321,0.435,0.0806555555555562,0.018377777777777722,0.11303491582513096,700,210,0.936
322,0.452,0.0824333333333338,0.017611111111111057,0.10516907717205189,700,220,0.948
323,0.441,0.08294444444444489,0.018088888888888835,0.1144359124838531,700,230,0.942
324,0.44,0.08831111111111158,0.018099999999999946,0.11692587138209153,700,240,0.937
325,0.453,0.09102222222222264,0.017755555555555504,0.10559733362867287,700,250,0.946
326,0.435,0.09244444444444491,0.018399999999999944,0.10214172315996917,700,260,0.948
327,0.427,0.09702222222222254,0.018922222222222167,0.10938303916991905,700,270,0.942
328,0.428,0.09795555555555588,0.018922222222222167,0.10871390187349761,700,280,0.947
329,0.436,0.09921111111111153,0.018199999999999945,0.11271653381952058,700,290,0.925
330,0.433,0.09990000000000045,0.018777777777777723,0.11401831944549758,700,300,0.942
331,0.427,0.10162222222222254,0.019666666666666607,0.13473646539896564,700,310,0.932
332,0.408,0.10581111111111165,0.019433333333333278,0.12156713526696258,700,320,0.941
333,0.428,0.10913333333333364,0.01993333333333327,0.125362570923623,700,330,0.935
334,0.409,0.11012222222222258,0.021033333333333272,0.13606129746879955,700,340,0.931
335,0.396,0.11052222222222269,0.02028888888888883,0.11614959406807703,700,350,0.933
336,0.43,0.11135555555555589,0.020066666666666608,0.12791408117824288,700,360,0.931
337,0.429,0.11142222222222264,0.01987777777777772,0.12375179126015318,700,370,0.933
338,0.411,0.1158555555555559,0.020666666666666608,0.11600474085755302,700,380,0.932
339,0.41,0.11742222222222246,0.020699999999999937,0.12082785051225951,700,390,0.942
340,0.409,0.11518888888888926,0.02002222222222216,0.12301675812687819,700,400,0.936
341,0.415,0.11766666666666696,0.02078888888888883,0.13058360110762537,700,410,0.926
342,0.406,0.1223000000000003,0.020799999999999937,0.13654124995703015,700,420,0.92
343,0.42,0.12202222222222248,0.020133333333333277,0.13848744344028213,700,430,0.923
344,0.402,0.12280000000000046,0.021799999999999937,0.12565746625478721,700,440,0.93
345,0.398,0.1235666666666669,0.021277777777777715,0.12848258763173487,700,450,0.923
346,0.384,0.12130000000000048,0.021488888888888825,0.12547623511064088,700,460,0.934
347,0.415,0.12790000000000037,0.02141111111111105,0.134979697011772,700,470,0.925
348,0.41,0.12431111111111146,0.020988888888888828,0.12685546498897024,700,480,0.919
349,0.413,0.12482222222222256,0.021388888888888825,0.12463716015118806,700,490,0.922
350,0.471,0.01711111111111106,0.01683333333333329,0.10676682773388606,800,0,0.95
351,0.486,0.017622222222222202,0.01646666666666662,0.09661908087244729,800,10,0.95
352,0.483,0.018600000000000037,0.015911111111111063,0.10413335071711946,800,20,0.94
353,0.517,0.021122222222222334,0.015199999999999955,0.10235715897730523,800,30,0.951
354,0.528,0.024044444444444646,0.014799999999999956,0.09468728968540599,800,40,0.953
355,0.481,0.027144444444444707,0.016733333333333284,0.09592110122015017,800,50,0.951
356,0.495,0.029788888888889236,0.01576666666666662,0.11397623166728005,800,60,0.942
357,0.49,0.032766666666667034,0.01606666666666662,0.09243468462615677,800,70,0.951
358,0.479,0.0363777777777782,0.0167444444444444,0.10558294947942183,800,80,0.947
359,0.492,0.038066666666667116,0.015466666666666618,0.0906969584945403,800,90,0.952
360,0.493,0.04218888888888932,0.015999999999999952,0.09502264103059956,800,100,0.956
361,0.487,0.042855555555555994,0.01576666666666662,0.10320570491555517,800,110,0.944
362,0.496,0.04638888888888937,0.01578888888888884,0.09577153340753772,800,120,0.946
363,0.501,0.04827777777777823,0.015688888888888843,0.10829101639069526,800,130,0.94
364,0.49,0.05331111111111156,0.01577777777777773,0.09761349773005615,800,140,0.96
365,0.507,0.0545000000000004,0.015288888888888841,0.0970785768089387,800,150,0.953
366,0.494,0.057366666666667045,0.015644444444444395,0.09161963298165418,800,160,0.959
367,0.49,0.05982222222222264,0.0156444444444444,0.0987902698252687,800,170,0.951
368,0.504,0.06297777777777822,0.015333333333333287,0.10949306422933364,800,180,0.951
369,0.495,0.06744444444444489,0.016277777777777728,0.09978701078884447,800,190,0.946
370,0.457,0.06830000000000043,0.0176555555555555,0.11992521998723171,800,200,0.947
371,0.499,0.07088888888888939,0.016155555555555506,0.09857814724683828,800,210,0.959
372,0.506,0.07358888888888931,0.01587777777777773,0.10236254648397881,800,220,0.95
373,0.462,0.07682222222222275,0.017311111111111062,0.10922257723913074,800,230,0.942
374,0.464,0.07843333333333373,0.016944444444444397,0.10715105813062079,800,240,0.948
375,0.465,0.08111111111111158,0.016366666666666616,0.1065663074156222,800,250,0.94
376,0.462,0.08187777777777824,0.016266666666666617,0.10660603029465297,800,260,0.939
377,0.444,0.0863444444444449,0.017888888888888836,0.1132022819753188,800,270,0.938
378,0.481,0.08866666666666725,0.016533333333333282,0.09634750690927804,800,280,0.946
379,0.475,0.0896333333333337,0.01793333333333328,0.11355371842438522,800,290,0.946
380,0.484,0.09317777777777829,0.01728888888888884,0.10258801047959383,800,300,0.947
381,0.475,0.0960444444444448,0.01688888888888884,0.08406455699750533,800,310,0.954
382,0.46,0.09786666666666721,0.01804444444444439,0.11001781724411912,800,320,0.946
383,0.473,0.09750000000000031,0.017033333333333286,0.11365380333567873,800,330,0.948
384,0.442,0.10237777777777816,0.017855555555555503,0.11191446824832298,800,340,0.942
385,0.446,0.1007888888888893,0.01857777777777772,0.11793869130592112,800,350,0.941
386,0.447,0.1032888888888893,0.018166666666666616,0.11372276489476535,800,360,0.942
387,0.445,0.10918888888888931,0.019111111111111054,0.10721506912336508,800,370,0.937
388,0.438,0.10893333333333369,0.01906666666666661,0.11798488925717461,800,380,0.93
389,0.46,0.10741111111111146,0.017911111111111058,0.1039231452353816,800,390,0.942
390,0.452,0.11017777777777796,0.018922222222222163,0.10863233492427242,800,400,0.955
391,0.458,0.11243333333333351,0.01823333333333328,0.11420869585988518,800,410,0.95
392,0.441,0.11191111111111154,0.018488888888888833,0.12075424757054493,800,420,0.926
393,0.459,0.11262222222222248,0.01846666666666661,0.11305590986577169,800,430,0.951
394,0.435,0.11297777777777812,0.01877777777777772,0.11148903076412853,800,440,0.94
395,0.453,0.11505555555555592,0.018311111111111056,0.12286842654697945,800,450,0.941
396,0.437,0.11573333333333369,0.019466666666666608,0.12015805863760795,800,460,0.94
397,0.42,0.11886666666666697,0.01924444444444439,0.12503777248760117,800,470,0.94
398,0.456,0.1199111111111115,0.01902222222222217,0.11926199154726345,800,480,0.942
399,0.405,0.11790000000000024,0.019811111111111054,0.11481240572598878,800,490,0.927
400,0.463,0.01555555555555551,0.015633333333333287,0.09974811123412806,900,0,0.95
401,0.517,0.015833333333333286,0.014799999999999956,0.09912563854028913,900,10,0.95
402,0.529,0.017222222222222215,0.014644444444444401,0.10192309582632458,900,20,0.96
403,0.498,0.020566666666666785,0.01566666666666662,0.09816584916893731,900,30,0.955
404,0.514,0.022300000000000146,0.014177777777777735,0.08705863734886735,900,40,0.952
405,0.532,0.024677777777778,0.014311111111111068,0.0977313678389654,900,50,0.951
406,0.531,0.02652222222222247,0.014399999999999958,0.09817906703903409,900,60,0.958
407,0.513,0.030688888888889206,0.0148444444444444,0.09270027002051179,900,70,0.943
408,0.499,0.03323333333333366,0.015433333333333285,0.10410029481520344,900,80,0.947
409,0.519,0.03448888888888927,0.014511111111111068,0.07964032578127053,900,90,0.955
410,0.507,0.03700000000000037,0.015077777777777733,0.102340395100357,900,100,0.938
411,0.51,0.04107777777777824,0.014977777777777732,0.09391607029947681,900,110,0.951
412,0.51,0.043455555555556,0.014599999999999955,0.09858876419367305,900,120,0.942
413,0.49,0.04453333333333372,0.015199999999999953,0.09054201362214612,900,130,0.954
414,0.509,0.04671111111111157,0.014788888888888846,0.09163454848131276,900,140,0.956
415,0.537,0.049200000000000396,0.013822222222222184,0.0929851788657873,900,150,0.955
416,0.519,0.055266666666667165,0.015333333333333287,0.08672941510016853,900,160,0.956
417,0.505,0.056555555555556025,0.015599999999999956,0.08253602201431962,900,170,0.955
418,0.516,0.05816666666666707,0.01513333333333329,0.09466606635560085,900,180,0.945
419,0.497,0.06023333333333386,0.014855555555555513,0.09286631257631305,900,190,0.954
420,0.502,0.06242222222222264,0.014688888888888843,0.09031825272015408,900,200,0.951
421,0.536,0.06490000000000047,0.014577777777777735,0.09223267854115753,900,210,0.953
422,0.522,0.06548888888888933,0.014577777777777735,0.09205572783289215,900,220,0.958
423,0.504,0.0707111111111115,0.015466666666666622,0.09000126678661358,900,230,0.956
424,0.49,0.07138888888888943,0.015855555555555508,0.09520220717710273,900,240,0.953
425,0.51,0.0735888888888893,0.014999999999999956,0.09782401660167796,900,250,0.955
426,0.49,0.07671111111111165,0.01577777777777773,0.09467047107869186,900,260,0.946
427,0.51,0.0771222222222228,0.01586666666666662,0.11041809224375226,900,270,0.952
428,0.458,0.08300000000000043,0.016755555555555506,0.09675034367767132,900,280,0.955
429,0.497,0.08046666666666717,0.015699999999999954,0.09483505772935018,900,290,0.945
430,0.47,0.08712222222222273,0.016488888888888838,0.08635820769265393,900,300,0.963
431,0.503,0.08451111111111159,0.015522222222222175,0.10051914340734223,900,310,0.949
432,0.489,0.08891111111111147,0.016022222222222177,0.09882423764911269,900,320,0.95
433,0.508,0.09317777777777826,0.015222222222222177,0.09918755050961842,900,330,0.953
434,0.493,0.09070000000000054,0.015066666666666622,0.1010510738059309,900,340,0.949
435,0.474,0.09452222222222274,0.01597777777777773,0.10114461549302614,900,350,0.948
436,0.49,0.09693333333333369,0.016622222222222174,0.11132870449909489,900,360,0.938
437,0.493,0.09638888888888925,0.016122222222222173,0.10732872900391327,900,370,0.951
438,0.462,0.10140000000000034,0.01711111111111106,0.09227384540175883,900,380,0.957
439,0.488,0.09868888888888938,0.01648888888888884,0.11540736233559999,900,390,0.929
440,0.428,0.10567777777777826,0.018488888888888833,0.09277740371719957,900,400,0.954
441,0.465,0.10333333333333362,0.017555555555555505,0.11636451381646647,900,410,0.936
442,0.47,0.10551111111111146,0.016866666666666617,0.11151904854813174,900,420,0.938
443,0.466,0.10690000000000047,0.016944444444444397,0.11429795650204336,900,430,0.946
444,0.447,0.10983333333333378,0.018111111111111057,0.11322335981751866,900,440,0.943
445,0.428,0.11265555555555602,0.018711111111111057,0.10215880453216791,900,450,0.941
446,0.416,0.11315555555555591,0.018933333333333278,0.10896316428113172,900,460,0.938
447,0.455,0.11262222222222247,0.01739999999999995,0.11833851454029104,900,470,0.943
448,0.452,0.11232222222222273,0.018755555555555505,0.11308232838803764,900,480,0.934
449,0.443,0.11296666666666713,0.018088888888888835,0.09576908289504944,900,490,0.93
450,0.528,0.013733333333333292,0.013755555555555514,0.08981160479247646,1000,0,0.962
451,0.54,0.014744444444444399,0.013877777777777735,0.08530878691026535,1000,10,0.961
452,0.571,0.015433333333333285,0.01268888888888885,0.10101803524705129,1000,20,0.948
453,0.542,0.01810000000000001,0.013533333333333293,0.08706494662880805,1000,30,0.954
454,0.548,0.020522222222222303,0.013866666666666626,0.08220601152593095,1000,40,0.964
455,0.551,0.02277777777777797,0.014044444444444403,0.09289413003730902,1000,50,0.952
456,0.552,0.02438888888888912,0.01346666666666663,0.08778272697824868,1000,60,0.965
457,0.521,0.02754444444444469,0.01463333333333329,0.09097991172016211,1000,70,0.943
458,0.533,0.02888888888888918,0.014044444444444403,0.08074936945173272,1000,80,0.97
459,0.535,0.032477777777778154,0.01402222222222218,0.0894648889451578,1000,90,0.958
460,0.536,0.03580000000000043,0.013677777777777738,0.08280013387574567,1000,100,0.954
461,0.507,0.03834444444444487,0.015177777777777731,0.1008298895926042,1000,110,0.942
462,0.532,0.039744444444444846,0.014111111111111069,0.09966963867857703,1000,120,0.955
463,0.535,0.0415111111111115,0.013866666666666624,0.09165143504243618,1000,130,0.955
464,0.55,0.04383333333333375,0.013222222222222182,0.08995924602442582,1000,140,0.952
465,0.503,0.046388888888889285,0.014422222222222178,0.09332015641131283,1000,150,0.944
466,0.513,0.04864444444444486,0.014777777777777732,0.08997952035807455,1000,160,0.951
467,0.517,0.05047777777777828,0.014288888888888846,0.10648827061464597,1000,170,0.936
468,0.511,0.05380000000000044,0.014344444444444401,0.07693005709315928,1000,180,0.973
469,0.541,0.05362222222222262,0.014044444444444403,0.09157682548133628,1000,190,0.951
470,0.523,0.056988888888889255,0.014499999999999956,0.09740475808818748,1000,200,0.944
471,0.528,0.060833333333333725,0.014866666666666624,0.08947296092620355,1000,210,0.951
472,0.507,0.060744444444444975,0.014999999999999956,0.09444604873653732,1000,220,0.952
473,0.524,0.06335555555555603,0.014044444444444401,0.08008275698216136,1000,230,0.968
474,0.512,0.0671000000000005,0.014711111111111067,0.08079212120153342,1000,240,0.96
475,0.516,0.06790000000000046,0.014844444444444403,0.09279060819559064,1000,250,0.95
476,0.528,0.06856666666666719,0.014466666666666623,0.08757296816207118,1000,260,0.954
477,0.532,0.07222222222222263,0.014077777777777734,0.08820559131776619,1000,270,0.965
478,0.506,0.07204444444444487,0.014888888888888844,0.09257512594863536,1000,280,0.943
479,0.519,0.07430000000000055,0.014955555555555512,0.09304607951196858,1000,290,0.95
480,0.504,0.07790000000000055,0.015022222222222178,0.11073839085980762,1000,300,0.945
481,0.543,0.0775222222222226,0.014199999999999957,0.08638175156759056,1000,310,0.959
482,0.504,0.08302222222222275,0.015599999999999954,0.09874154604568348,1000,320,0.942
483,0.511,0.0822111111111115,0.014799999999999954,0.0986120654022632,1000,330,0.949
484,0.489,0.0848111111111117,0.01557777777777773,0.10091490698443373,1000,340,0.946
485,0.49,0.08627777777777818,0.01582222222222217,0.09482303985403044,1000,350,0.935
486,0.515,0.08976666666666702,0.0148444444444444,0.09799852757524448,1000,360,0.952
487,0.504,0.09186666666666718,0.015444444444444398,0.10424284319635359,1000,370,0.953
488,0.518,0.08935555555555602,0.014022222222222179,0.09986679002386181,1000,380,0.957
489,0.494,0.09387777777777827,0.015666666666666617,0.10479275219129132,1000,390,0.953
490,0.484,0.09730000000000048,0.016344444444444394,0.08986571918388161,1000,400,0.952
491,0.494,0.09660000000000034,0.01597777777777773,0.09407666599610127,1000,410,0.963
492,0.479,0.09728888888888927,0.01547777777777773,0.10537669851828123,1000,420,0.937
493,0.509,0.10081111111111145,0.015177777777777733,0.10441860754496202,1000,430,0.963
494,0.501,0.10234444444444486,0.015322222222222176,0.09321287203302515,1000,440,0.953
495,0.503,0.10152222222222265,0.015499999999999953,0.10483423803635623,1000,450,0.951
496,0.485,0.10605555555555594,0.016266666666666617,0.10040801391285609,1000,460,0.944
497,0.511,0.10396666666666719,0.015355555555555511,0.10392978697005711,1000,470,0.944
498,0.481,0.10654444444444491,0.017688888888888837,0.11011017607097631,1000,480,0.939
499,0.482,0.10670000000000043,0.017422222222222172,0.1022575004169317,1000,490,0.957
500,0.547,0.012933333333333297,0.012733333333333296,0.08102452761407941,1100,0,0.964
501,0.563,0.013422222222222181,0.012633333333333295,0.07267076176305033,1100,10,0.97
502,0.539,0.015777777777777727,0.013622222222222181,0.07343444530074478,1100,20,0.967
503,0.527,0.017044444444444435,0.013644444444444404,0.09185971236867181,1100,30,0.955
504,0.548,0.018922222222222285,0.012977777777777741,0.07873709825357705,1100,40,0.963
505,0.578,0.021533333333333488,0.012655555555555517,0.08981664153548709,1100,50,0.958
506,0.515,0.023911111111111324,0.014622222222222179,0.08767122436854122,1100,60,0.942
507,0.511,0.02687777777777806,0.014177777777777737,0.10030948133162054,1100,70,0.953
508,0.541,0.027377777777778032,0.013133333333333294,0.08652231896080546,1100,80,0.963
509,0.552,0.028511111111111404,0.012733333333333294,0.08538231460035872,1100,90,0.963
510,0.517,0.032811111111111395,0.014577777777777733,0.0898432392434573,1100,100,0.937
511,0.561,0.0338777777777781,0.013099999999999962,0.08237157246946038,1100,110,0.964
512,0.535,0.03666666666666706,0.013888888888888846,0.09183076161157944,1100,120,0.949
513,0.554,0.038466666666667065,0.013011111111111074,0.09656302282869421,1100,130,0.948
514,0.55,0.04022222222222265,0.013166666666666629,0.09032481447234757,1100,140,0.953
515,0.562,0.041377777777778214,0.012866666666666632,0.09333075438899126,1100,150,0.944
516,0.563,0.04518888888888935,0.012544444444444407,0.08169097440588224,1100,160,0.953
517,0.524,0.04665555555555599,0.01371111111111107,0.08172494280965054,1100,170,0.963
518,0.564,0.04872222222222274,0.012711111111111074,0.07328950160366421,1100,180,0.957
519,0.548,0.04924444444444477,0.01348888888888885,0.09205525852865029,1100,190,0.96
520,0.552,0.052022222222222726,0.013399999999999959,0.08670696235538627,1100,200,0.954
521,0.516,0.054588888888889284,0.014044444444444401,0.07645892545122136,1100,210,0.953
522,0.559,0.05383333333333377,0.01307777777777774,0.07968754207788255,1100,220,0.957
523,0.53,0.05837777777777828,0.013555555555555517,0.09641279968938697,1100,230,0.95
524,0.531,0.06181111111111163,0.013866666666666626,0.08617560471218813,1100,240,0.955
525,0.533,0.06245555555555597,0.014222222222222181,0.09416978516888379,1100,250,0.95
526,0.555,0.06307777777777829,0.013888888888888848,0.09066130536123655,1100,260,0.947
527,0.552,0.06414444444444493,0.012899999999999962,0.08385913445110137,1100,270,0.963
528,0.56,0.06648888888888935,0.012777777777777742,0.08917981786575761,1100,280,0.957
529,0.553,0.06917777777777827,0.013199999999999962,0.08529730551090074,1100,290,0.962
530,0.528,0.07292222222222276,0.014288888888888846,0.09094656468023267,1100,300,0.955
531,0.549,0.07331111111111158,0.013733333333333295,0.09460469967433477,1100,310,0.96
532,0.55,0.07475555555555599,0.013888888888888846,0.09112613544502686,1100,320,0.954
533,0.534,0.07765555555555606,0.013733333333333292,0.09394043879680426,1100,330,0.946
534,0.558,0.07725555555555605,0.013344444444444405,0.07764748641177815,1100,340,0.964
535,0.508,0.08282222222222277,0.014644444444444401,0.09322766767521291,1100,350,0.957
536,0.505,0.0811888888888895,0.015266666666666621,0.09018683379464859,1100,360,0.942
537,0.538,0.08460000000000037,0.014488888888888846,0.0887580738674223,1100,370,0.943
538,0.511,0.08643333333333382,0.014511111111111068,0.09341854188750581,1100,380,0.954
539,0.489,0.0874000000000005,0.01546666666666662,0.09932674953508762,1100,390,0.933
540,0.52,0.0894111111111116,0.014722222222222178,0.08761339927467908,1100,400,0.952
541,0.546,0.08972222222222265,0.013877777777777737,0.09502144447219332,1100,410,0.957
542,0.543,0.09254444444444496,0.013733333333333295,0.08839185682733706,1100,420,0.961
543,0.524,0.09450000000000053,0.014833333333333287,0.09597987096174976,1100,430,0.949
544,0.488,0.09770000000000031,0.016444444444444397,0.07914447473739689,1100,440,0.957
545,0.516,0.09682222222222261,0.015244444444444399,0.09874879627995205,1100,450,0.949
546,0.474,0.09780000000000044,0.0156444444444444,0.08777985039279494,1100,460,0.946
547,0.522,0.10102222222222262,0.014655555555555512,0.08930673785548528,1100,470,0.948
548,0.48,0.09952222222222265,0.015822222222222175,0.09778881330185045,1100,480,0.948
549,0.483,0.10162222222222274,0.016111111111111066,0.09376482704174517,1100,490,0.947
550,0.559,0.012466666666666631,0.012477777777777742,0.08038053915418152,1200,0,0.963
551,0.571,0.013355555555555518,0.012922222222222187,0.0794136361730621,1200,10,0.95
552,0.541,0.01558888888888884,0.013288888888888848,0.09211894380328874,1200,20,0.957
553,0.559,0.016033333333333285,0.012399999999999963,0.07793752865654203,1200,30,0.964
554,0.565,0.01745555555555556,0.012399999999999963,0.08185125730916994,1200,40,0.95
555,0.563,0.018866666666666723,0.012044444444444408,0.06847553044766963,1200,50,0.964
556,0.563,0.022577777777777933,0.012844444444444408,0.08298877163234498,1200,60,0.952
557,0.56,0.02400000000000021,0.012311111111111077,0.07469993687727948,1200,70,0.968
558,0.548,0.02602222222222245,0.013222222222222184,0.07967886966139681,1200,80,0.962
559,0.571,0.027011111111111426,0.012488888888888851,0.07149813731401458,1200,90,0.969
560,0.568,0.029266666666666975,0.01257777777777774,0.08091408117541068,1200,100,0.956
561,0.563,0.03212222222222258,0.013277777777777737,0.08200887993447573,1200,110,0.953
562,0.569,0.032344444444444766,0.01287777777777774,0.09337194522835007,1200,120,0.949
563,0.591,0.03465555555555592,0.012144444444444409,0.07786993936001962,1200,130,0.962
564,0.564,0.03820000000000048,0.01286666666666663,0.08131947457386914,1200,140,0.95
565,0.543,0.03991111111111152,0.012933333333333297,0.0879083282644882,1200,150,0.96
566,0.558,0.040500000000000376,0.012744444444444407,0.08116894324166754,1200,160,0.951
567,0.583,0.04336666666666713,0.012322222222222188,0.08190685211211972,1200,170,0.955
568,0.559,0.04582222222222262,0.012911111111111075,0.08343616939100791,1200,180,0.952
569,0.565,0.047666666666667155,0.012822222222222185,0.08471822292701478,1200,190,0.957
570,0.566,0.048766666666667124,0.012511111111111074,0.09712371429395866,1200,200,0.95
571,0.561,0.050155555555555995,0.012655555555555519,0.09246129786118819,1200,210,0.955
572,0.532,0.05285555555555602,0.013577777777777737,0.09113924677767393,1200,220,0.947
573,0.558,0.05502222222222272,0.013199999999999962,0.07972823084303551,1200,230,0.96
574,0.579,0.05600000000000045,0.012533333333333296,0.09616962221769537,1200,240,0.958
575,0.548,0.05954444444444488,0.012811111111111073,0.09067473743280345,1200,250,0.943
576,0.557,0.05994444444444493,0.01257777777777774,0.08449054224071144,1200,260,0.959
577,0.561,0.06074444444444484,0.013177777777777738,0.08174070002928624,1200,270,0.964
578,0.554,0.06321111111111158,0.012622222222222184,0.08657788077460245,1200,280,0.959
579,0.566,0.06522222222222267,0.013222222222222184,0.102310432770704,1200,290,0.946
580,0.533,0.06674444444444493,0.013999999999999957,0.09033964336378342,1200,300,0.954
581,0.58,0.06932222222222265,0.012477777777777742,0.08234434891025648,1200,310,0.952
582,0.552,0.0709888888888894,0.013188888888888849,0.08177217111182081,1200,320,0.967
583,0.568,0.07154444444444498,0.012711111111111074,0.08447109322256197,1200,330,0.956
584,0.556,0.07593333333333377,0.01348888888888885,0.07897934894031623,1200,340,0.959
585,0.556,0.07547777777777828,0.01317777777777774,0.07783932069488572,1200,350,0.96
586,0.545,0.07787777777777835,0.013177777777777738,0.09868737616765148,1200,360,0.952
587,0.538,0.07827777777777818,0.013255555555555517,0.08749761517966399,1200,370,0.955
588,0.548,0.08095555555555607,0.013222222222222182,0.08629282051818951,1200,380,0.962
589,0.528,0.08245555555555606,0.013999999999999959,0.09566409525197496,1200,390,0.966
590,0.557,0.08452222222222272,0.013577777777777739,0.0859657826102542,1200,400,0.96
591,0.557,0.0861777777777782,0.013488888888888852,0.09104815064911334,1200,410,0.951
592,0.569,0.0877777777777781,0.013466666666666629,0.08132507601738066,1200,420,0.952
593,0.548,0.08808888888888936,0.013755555555555516,0.08096894541903839,1200,430,0.956
594,0.521,0.08891111111111143,0.014399999999999958,0.07967297571787227,1200,440,0.947
595,0.557,0.08841111111111166,0.013533333333333297,0.09173811427036808,1200,450,0.949
596,0.531,0.09286666666666715,0.014244444444444403,0.08622340664711384,1200,460,0.96
597,0.55,0.09104444444444494,0.013322222222222182,0.08562892866117243,1200,470,0.966
598,0.538,0.09180000000000041,0.014199999999999957,0.09180536288035163,1200,480,0.945
599,0.555,0.09451111111111166,0.013577777777777739,0.10065179432444472,1200,490,0.95
600,0.554,0.012711111111111074,0.012666666666666628,0.07598614892881246,1300,0,0.963
601,0.586,0.013188888888888849,0.012377777777777741,0.06709298017821179,1300,10,0.962
602,0.568,0.01413333333333329,0.012377777777777741,0.07751464412090536,1300,20,0.963
603,0.565,0.015688888888888843,0.012377777777777745,0.08861621257316865,1300,30,0.955
604,0.579,0.017133333333333306,0.012222222222222188,0.07472604241606536,1300,40,0.954
605,0.548,0.01921111111111118,0.013111111111111073,0.07320089176804759,1300,50,0.964
606,0.585,0.021022222222222352,0.01256666666666663,0.07204120301197607,1300,60,0.957
607,0.572,0.022511111111111287,0.012411111111111074,0.0732857468891319,1300,70,0.966
608,0.559,0.025033333333333577,0.012777777777777739,0.08159095068863784,1300,80,0.963
609,0.569,0.02534444444444465,0.01195555555555552,0.06704272331582097,1300,90,0.97
610,0.6,0.02637777777777805,0.01162222222222219,0.0808060450991498,1300,100,0.961
611,0.579,0.029355555555555846,0.012199999999999966,0.07574962360364934,1300,110,0.959
612,0.553,0.03161111111111147,0.013244444444444404,0.07792693349791263,1300,120,0.955
613,0.581,0.034055555555555894,0.012533333333333297,0.08218227030749141,1300,130,0.955
614,0.585,0.033433333333333745,0.011822222222222189,0.0720922479657698,1300,140,0.969
615,0.556,0.03634444444444481,0.012733333333333293,0.08269403999587285,1300,150,0.955
616,0.586,0.03855555555555597,0.012244444444444409,0.0741446139346695,1300,160,0.964
617,0.588,0.04052222222222263,0.012399999999999963,0.08137735660234828,1300,170,0.963
618,0.567,0.04145555555555602,0.01197777777777774,0.07924227290570887,1300,180,0.957
619,0.55,0.044622222222222646,0.012911111111111075,0.0850408125519883,1300,190,0.953
620,0.596,0.0445333333333338,0.011999999999999966,0.08288262686101075,1300,200,0.95
621,0.6,0.045655555555555914,0.011311111111111076,0.07285194312680923,1300,210,0.965
622,0.568,0.04896666666666708,0.012388888888888852,0.07618847859228674,1300,220,0.972
623,0.545,0.050922222222222625,0.013066666666666628,0.08152464074915147,1300,230,0.952
624,0.576,0.051177777777778266,0.012111111111111076,0.07930008458145202,1300,240,0.963
625,0.549,0.05386666666666718,0.013322222222222182,0.08424064188644856,1300,250,0.967
626,0.581,0.056933333333333794,0.012399999999999965,0.07208885400289222,1300,260,0.955
627,0.6,0.05624444444444491,0.011555555555555524,0.07652182153011208,1300,270,0.967
628,0.586,0.05803333333333379,0.011833333333333298,0.08161967940993405,1300,280,0.967
629,0.557,0.06051111111111156,0.012999999999999963,0.08424756723911861,1300,290,0.949
630,0.584,0.06142222222222262,0.01226666666666663,0.0782870541839273,1300,300,0.957
631,0.536,0.06374444444444494,0.013455555555555514,0.08618967055960303,1300,310,0.957
632,0.546,0.06671111111111158,0.01307777777777774,0.08907610133748965,1300,320,0.961
633,0.548,0.06857777777777832,0.01348888888888885,0.08515271636584926,1300,330,0.957
634,0.575,0.06894444444444499,0.012533333333333297,0.08147041080897999,1300,340,0.961
635,0.575,0.07053333333333386,0.012333333333333297,0.08475060720443686,1300,350,0.962
636,0.566,0.07193333333333382,0.012599999999999964,0.07949216847297363,1300,360,0.958
637,0.564,0.07491111111111148,0.012755555555555518,0.07976109476026864,1300,370,0.967
638,0.588,0.07567777777777826,0.012622222222222184,0.08251061923958018,1300,380,0.962
639,0.527,0.07790000000000055,0.013666666666666626,0.07928455471698427,1300,390,0.957
640,0.579,0.07927777777777832,0.012399999999999963,0.07632268158428314,1300,400,0.965
641,0.547,0.08006666666666717,0.013866666666666628,0.08371570230001307,1300,410,0.961
642,0.572,0.0806333333333339,0.01215555555555552,0.07384151432772035,1300,420,0.959
643,0.576,0.08246666666666723,0.012011111111111075,0.08463945725901052,1300,430,0.958
644,0.552,0.0830000000000005,0.013333333333333293,0.08978116854146136,1300,440,0.962
645,0.526,0.08654444444444491,0.014433333333333291,0.0881977115374553,1300,450,0.96
646,0.565,0.08445555555555603,0.013055555555555516,0.08349962643037283,1300,460,0.968
647,0.558,0.08747777777777821,0.013333333333333294,0.07586366391001323,1300,470,0.959
648,0.535,0.08855555555555614,0.013577777777777739,0.09362376709285482,1300,480,0.95
649,0.542,0.09072222222222272,0.014444444444444402,0.0854718293036497,1300,490,0.959
650,0.593,0.010955555555555524,0.011055555555555523,0.07905604957046825,1400,0,0.966
651,0.611,0.011822222222222187,0.011099999999999968,0.07267736737678217,1400,10,0.963
652,0.613,0.012799999999999964,0.011044444444444414,0.08019785083094788,1400,20,0.97
653,0.614,0.013988888888888848,0.010977777777777746,0.07178007333346188,1400,30,0.957
654,0.563,0.017133333333333313,0.012377777777777741,0.05724156783292196,1400,40,0.972
655,0.565,0.01888888888888893,0.012599999999999964,0.08969840268143349,1400,50,0.963
656,0.598,0.018611111111111186,0.011199999999999969,0.06800284620054821,1400,60,0.971
657,0.573,0.02205555555555572,0.01215555555555552,0.07017178330247809,1400,70,0.959
658,0.62,0.022755555555555737,0.01102222222222219,0.0743476847305652,1400,80,0.965
659,0.599,0.024611111111111337,0.011588888888888855,0.08404780746283345,1400,90,0.955
660,0.579,0.026333333333333566,0.012011111111111075,0.07363254745943194,1400,100,0.964
661,0.598,0.027066666666666954,0.0115333333333333,0.07973874911582578,1400,110,0.954
662,0.582,0.029733333333333622,0.012511111111111075,0.07469678677247944,1400,120,0.963
663,0.588,0.03147777777777813,0.012111111111111078,0.08160491449980908,1400,130,0.968
664,0.597,0.032555555555555886,0.011511111111111078,0.07964007382231145,1400,140,0.959
665,0.606,0.034500000000000364,0.011355555555555522,0.07879178825265422,1400,150,0.967
666,0.581,0.03637777777777819,0.01215555555555552,0.09058461591029715,1400,160,0.949
667,0.604,0.037944444444444836,0.011466666666666634,0.07903775116186951,1400,170,0.96
668,0.567,0.04086666666666709,0.01267777777777774,0.06691890767804586,1400,180,0.96
669,0.578,0.0425888888888893,0.012088888888888854,0.0705776179707265,1400,190,0.976
670,0.568,0.042322222222222615,0.012022222222222186,0.08728417788556692,1400,200,0.955
671,0.607,0.0452666666666671,0.011644444444444414,0.07079286761412718,1400,210,0.967
672,0.561,0.04663333333333384,0.01246666666666663,0.08150470223232596,1400,220,0.967
673,0.576,0.048377777777778304,0.012099999999999965,0.07369380239735289,1400,230,0.966
674,0.568,0.04957777777777829,0.012211111111111077,0.07176111411250928,1400,240,0.961
675,0.593,0.05084444444444495,0.011466666666666634,0.07742663046888387,1400,250,0.966
676,0.588,0.053677777777778234,0.012011111111111077,0.08041578052058283,1400,260,0.956
677,0.582,0.054155555555556074,0.012244444444444409,0.08192588678404243,1400,270,0.957
678,0.586,0.055533333333333774,0.011799999999999969,0.0787134504637119,1400,280,0.965
679,0.595,0.05807777777777821,0.011911111111111077,0.07745239180188611,1400,290,0.964
680,0.592,0.05780000000000046,0.011888888888888855,0.07908479990590941,1400,300,0.959
681,0.582,0.061022222222222734,0.012299999999999965,0.07463849479077421,1400,310,0.953
682,0.587,0.060855555555556,0.011777777777777743,0.08160487501774301,1400,320,0.959
683,0.598,0.06366666666666707,0.0115333333333333,0.08207383301723176,1400,330,0.961
684,0.585,0.06507777777777811,0.011522222222222189,0.07748514394109977,1400,340,0.95
685,0.562,0.06823333333333383,0.012711111111111072,0.06936566340299498,1400,350,0.958
686,0.578,0.06766666666666715,0.012288888888888854,0.07046145884122883,1400,360,0.971
687,0.54,0.07077777777777829,0.01331111111111107,0.0920458375100789,1400,370,0.955
688,0.574,0.070555555555556,0.012166666666666631,0.07746764329524995,1400,380,0.963
689,0.561,0.07207777777777827,0.012666666666666628,0.0682068445525842,1400,390,0.97
690,0.573,0.07381111111111155,0.012288888888888854,0.07098442471213806,1400,400,0.963
691,0.56,0.07633333333333388,0.012977777777777741,0.08158991595493982,1400,410,0.964
692,0.595,0.07514444444444492,0.012011111111111077,0.07594234487482582,1400,420,0.97
693,0.588,0.07990000000000046,0.012422222222222187,0.07533368188580922,1400,430,0.958
694,0.582,0.07921111111111159,0.012044444444444408,0.08458040134864116,1400,440,0.963
695,0.578,0.08014444444444498,0.012655555555555517,0.07823493132666404,1400,450,0.95
696,0.584,0.08115555555555602,0.012644444444444408,0.07771462106910797,1400,460,0.96
697,0.563,0.08474444444444494,0.01257777777777774,0.08766179240056228,1400,470,0.951
698,0.583,0.08398888888888935,0.012199999999999966,0.0810701075345503,1400,480,0.956
699,0.577,0.08550000000000042,0.012111111111111076,0.09815235828785279,1400,490,0.957
700,0.546,0.01268888888888885,0.012655555555555517,0.07286083011891198,1500,0,0.963
701,0.592,0.012133333333333298,0.011277777777777744,0.08056083236061584,1500,10,0.963
702,0.642,0.011711111111111077,0.009911111111111082,0.07527668468400023,1500,20,0.961
703,0.598,0.013899999999999958,0.011022222222222192,0.08208691351871475,1500,30,0.966
704,0.591,0.015844444444444394,0.011666666666666633,0.07645600885951674,1500,40,0.965
705,0.596,0.01748888888888889,0.011288888888888857,0.08015072692285975,1500,50,0.963
706,0.594,0.01843333333333337,0.011866666666666631,0.06183067825883262,1500,60,0.962
707,0.597,0.019477777777777875,0.011155555555555524,0.080806584300038,1500,70,0.968
708,0.583,0.021144444444444608,0.011344444444444412,0.06581786973401924,1500,80,0.96
709,0.611,0.02338888888888903,0.011044444444444412,0.06616578629754669,1500,90,0.963
710,0.616,0.025033333333333557,0.011422222222222191,0.07335886265221563,1500,100,0.963
711,0.614,0.026877777777778014,0.011622222222222188,0.07737786786099793,1500,110,0.959
712,0.591,0.028111111111111378,0.011555555555555522,0.0773787396088262,1500,120,0.975
713,0.58,0.028966666666666942,0.011666666666666633,0.07416062180551491,1500,130,0.957
714,0.613,0.030400000000000323,0.011022222222222192,0.07661652280695627,1500,140,0.962
715,0.613,0.03211111111111145,0.010777777777777747,0.06866714111212817,1500,150,0.973
716,0.593,0.03440000000000033,0.011555555555555522,0.07245094127634269,1500,160,0.968
717,0.567,0.03604444444444489,0.011677777777777745,0.06327467210713685,1500,170,0.963
718,0.616,0.037466666666667016,0.0111333333333333,0.07021802113102989,1500,180,0.972
719,0.587,0.04003333333333377,0.01164444444444441,0.07564852915332233,1500,190,0.958
720,0.592,0.04006666666666709,0.01162222222222219,0.08834731391698161,1500,200,0.957
721,0.593,0.04244444444444487,0.011777777777777743,0.0731153081146268,1500,210,0.958
722,0.58,0.04308888888888938,0.011822222222222187,0.07786534583344822,1500,220,0.958
723,0.593,0.04498888888888937,0.011255555555555522,0.0725790760873343,1500,230,0.969
724,0.575,0.046277777777778265,0.011666666666666633,0.07183577871238007,1500,240,0.962
725,0.603,0.0486000000000004,0.011311111111111077,0.06372928998114212,1500,250,0.973
726,0.578,0.049366666666667065,0.011999999999999964,0.08005004740136526,1500,260,0.972
727,0.587,0.05245555555555604,0.01235555555555552,0.06114641466903467,1500,270,0.965
728,0.575,0.053944444444444815,0.012177777777777744,0.07177378568964102,1500,280,0.965
729,0.595,0.054244444444444845,0.011577777777777744,0.07628181345516126,1500,290,0.961
730,0.57,0.05512222222222276,0.012755555555555518,0.07518060073229484,1500,300,0.962
731,0.616,0.05572222222222277,0.011155555555555524,0.08256431530727133,1500,310,0.962
732,0.59,0.056133333333333806,0.011666666666666634,0.068078183256318,1500,320,0.975
733,0.603,0.059300000000000457,0.011033333333333301,0.06629079850836929,1500,330,0.975
734,0.585,0.05964444444444494,0.01142222222222219,0.06577790112258541,1500,340,0.965
735,0.585,0.0622333333333337,0.011888888888888853,0.08383608509731229,1500,350,0.96
736,0.576,0.06492222222222276,0.012044444444444408,0.07626917379171556,1500,360,0.961
737,0.591,0.06610000000000045,0.011622222222222188,0.07051662314740516,1500,370,0.971
738,0.566,0.06527777777777816,0.012399999999999963,0.06800463851410893,1500,380,0.963
739,0.6,0.06822222222222268,0.011555555555555522,0.06309884922679095,1500,390,0.964
740,0.575,0.06958888888888932,0.012333333333333297,0.08050571797770624,1500,400,0.961
741,0.593,0.07134444444444492,0.011333333333333301,0.07599076991335851,1500,410,0.957
742,0.581,0.07423333333333375,0.01244444444444441,0.07927491846558507,1500,420,0.957
743,0.564,0.07482222222222278,0.012288888888888853,0.08213949250238484,1500,430,0.957
744,0.584,0.07393333333333385,0.011599999999999966,0.07271231682195942,1500,440,0.973
745,0.602,0.07514444444444492,0.01122222222222219,0.08281891548715156,1500,450,0.967
746,0.588,0.07657777777777819,0.01224444444444441,0.08875988192654446,1500,460,0.959
747,0.565,0.07895555555555601,0.0123333333333333,0.08364378717777533,1500,470,0.963
748,0.563,0.0807333333333339,0.012199999999999964,0.07381650195875068,1500,480,0.958
749,0.571,0.0817222222222227,0.012277777777777743,0.07746803324178768,1500,490,0.961
750,0.602,0.010733333333333303,0.010722222222222192,0.07741219187030736,1600,0,0.956
751,0.591,0.012022222222222188,0.011588888888888855,0.07534375907795231,1600,10,0.956
752,0.631,0.011399999999999967,0.00988888888888886,0.0722562654845359,1600,20,0.964
753,0.591,0.013755555555555516,0.0115333333333333,0.07443867813763841,1600,30,0.974
754,0.632,0.014511111111111068,0.010411111111111083,0.07288881125061741,1600,40,0.969
755,0.603,0.0161444444444444,0.011199999999999969,0.06530867907497981,1600,50,0.963
756,0.589,0.01802222222222224,0.011377777777777747,0.07356410353181948,1600,60,0.97
757,0.624,0.01884444444444452,0.010777777777777747,0.07422149346344908,1600,70,0.957
758,0.628,0.02052222222222231,0.010977777777777746,0.07405320090280937,1600,80,0.963
759,0.643,0.021266666666666795,0.010244444444444417,0.07148120812974702,1600,90,0.961
760,0.604,0.02284444444444462,0.011222222222222187,0.07707758355593533,1600,100,0.955
761,0.605,0.02522222222222247,0.011088888888888856,0.07246300821987406,1600,110,0.966
762,0.594,0.026944444444444743,0.011399999999999967,0.07810714057951379,1600,120,0.964
763,0.606,0.02733333333333363,0.010777777777777747,0.07527251905243232,1600,130,0.96
764,0.631,0.02838888888888918,0.010377777777777748,0.06345054040089697,1600,140,0.966
765,0.62,0.03177777777777814,0.010688888888888857,0.06425242207391883,1600,150,0.951
766,0.628,0.03137777777777815,0.010577777777777747,0.057803693172281644,1600,160,0.964
767,0.588,0.03515555555555594,0.011488888888888858,0.06914172427642905,1600,170,0.97
768,0.6,0.0364222222222226,0.010955555555555524,0.07749291248225326,1600,180,0.969
769,0.628,0.03691111111111151,0.010855555555555525,0.06591628035721873,1600,190,0.968
770,0.583,0.039377777777778185,0.011977777777777743,0.07055050466045044,1600,200,0.961
771,0.587,0.04123333333333375,0.011977777777777742,0.07278478262369584,1600,210,0.961
772,0.602,0.04182222222222268,0.0113333333333333,0.06558884095523941,1600,220,0.968
773,0.601,0.04234444444444482,0.011288888888888855,0.0725645296774162,1600,230,0.961
774,0.578,0.04376666666666701,0.012022222222222186,0.08003624187645104,1600,240,0.948
775,0.642,0.044833333333333815,0.010233333333333304,0.06731060492118165,1600,250,0.974
776,0.585,0.046255555555555994,0.011733333333333299,0.07135466503010979,1600,260,0.965
777,0.631,0.04566666666666712,0.010711111111111081,0.069231522693139,1600,270,0.973
778,0.632,0.04783333333333376,0.010622222222222191,0.08114294780023158,1600,280,0.964
779,0.585,0.050922222222222674,0.011688888888888856,0.0864982522738731,1600,290,0.965
780,0.575,0.053600000000000515,0.011911111111111077,0.06404927838796218,1600,300,0.97
781,0.607,0.053044444444444956,0.0111333333333333,0.07267653341658487,1600,310,0.96
782,0.594,0.054188888888889376,0.01164444444444441,0.06616908002239677,1600,320,0.968
783,0.601,0.05622222222222265,0.011311111111111077,0.08099011289345372,1600,330,0.961
784,0.566,0.05886666666666711,0.012355555555555519,0.08107495480841534,1600,340,0.959
785,0.589,0.06070000000000041,0.011411111111111078,0.0743126438828672,1600,350,0.964
786,0.589,0.05946666666666717,0.011577777777777744,0.07168965329097692,1600,360,0.962
787,0.617,0.0612333333333338,0.01079999999999997,0.07310180761618248,1600,370,0.963
788,0.625,0.06252222222222267,0.010411111111111081,0.07345908024056662,1600,380,0.968
789,0.602,0.06452222222222276,0.01134444444444441,0.07092273606000904,1600,390,0.967
790,0.603,0.06556666666666708,0.01109999999999997,0.0860168949878485,1600,400,0.956
791,0.598,0.06678888888888933,0.011466666666666635,0.08394651112111155,1600,410,0.955
792,0.562,0.07015555555555598,0.012666666666666628,0.06618357301496028,1600,420,0.977
793,0.589,0.07010000000000041,0.012333333333333299,0.08215309056924304,1600,430,0.956
794,0.607,0.07100000000000055,0.011333333333333301,0.08143726727191603,1600,440,0.96
795,0.612,0.07204444444444495,0.010977777777777746,0.07042263156075595,1600,450,0.965
796,0.577,0.074344444444445,0.011988888888888853,0.06926197981667324,1600,460,0.966
797,0.572,0.0758666666666671,0.012455555555555517,0.07088367122257007,1600,470,0.967
798,0.591,0.07560000000000038,0.011688888888888856,0.05831885388173621,1600,480,0.972
799,0.586,0.07641111111111165,0.012177777777777744,0.07231720019188372,1600,490,0.956
800,0.659,0.009311111111111088,0.009288888888888864,0.06778659817636087,1700,0,0.964
801,0.628,0.010711111111111081,0.010199999999999971,0.0704088234143341,1700,10,0.969
802,0.615,0.011988888888888855,0.010844444444444415,0.07338708508526592,1700,20,0.965
803,0.626,0.012744444444444405,0.010311111111111082,0.07618704492750497,1700,30,0.965
804,0.619,0.013977777777777737,0.010666666666666637,0.07361561618450235,1700,40,0.964
805,0.619,0.015588888888888841,0.010733333333333303,0.06553862279980116,1700,50,0.961
806,0.627,0.01715555555555555,0.010377777777777748,0.07756398949788347,1700,60,0.97
807,0.621,0.01850000000000006,0.010599999999999969,0.06687162308616129,1700,70,0.956
808,0.628,0.01950000000000009,0.01039999999999997,0.07418995959808222,1700,80,0.966
809,0.63,0.020722222222222374,0.010288888888888858,0.05095002277797446,1700,90,0.973
810,0.623,0.022355555555555736,0.010555555555555525,0.07011384279391575,1700,100,0.961
811,0.628,0.023577777777778003,0.010622222222222193,0.07472795672596284,1700,110,0.961
812,0.612,0.025522222222222456,0.010933333333333302,0.07654538386953362,1700,120,0.967
813,0.619,0.02707777777777803,0.010955555555555524,0.07221105205288489,1700,130,0.964
814,0.601,0.029155555555555882,0.0113333333333333,0.06408135926138099,1700,140,0.961
815,0.615,0.02896666666666701,0.011044444444444412,0.08871000240911386,1700,150,0.953
816,0.601,0.030911111111111455,0.011344444444444414,0.061613386359513064,1700,160,0.962
817,0.622,0.032277777777778134,0.010711111111111083,0.07138454532114182,1700,170,0.966
818,0.615,0.034388888888889226,0.011155555555555523,0.07886384747423318,1700,180,0.959
819,0.603,0.034755555555555935,0.010955555555555524,0.06691154061840605,1700,190,0.965
820,0.597,0.03683333333333371,0.011311111111111077,0.06897514720858515,1700,200,0.958
821,0.628,0.037977777777778166,0.010466666666666636,0.0646382944810689,1700,210,0.967
822,0.608,0.03820000000000043,0.010533333333333304,0.06556878519881756,1700,220,0.978
823,0.613,0.040433333333333744,0.011266666666666635,0.07395322693806412,1700,230,0.954
824,0.63,0.04271111111111154,0.01066666666666664,0.07284971083654482,1700,240,0.964
825,0.618,0.04231111111111152,0.010466666666666636,0.0666032883910068,1700,250,0.959
826,0.618,0.043288888888889314,0.010599999999999969,0.06031315175240368,1700,260,0.965
827,0.593,0.04583333333333381,0.01164444444444441,0.07378199678896047,1700,270,0.962
828,0.593,0.04775555555555596,0.011177777777777747,0.06737943436069706,1700,280,0.969
829,0.617,0.04720000000000044,0.01079999999999997,0.07770695632173776,1700,290,0.962
830,0.633,0.048722222222222715,0.010311111111111082,0.06488950780762168,1700,300,0.973
831,0.63,0.05136666666666703,0.010599999999999969,0.07362903804433357,1700,310,0.952
832,0.599,0.051666666666667,0.011744444444444412,0.07136125803476064,1700,320,0.958
833,0.628,0.05231111111111158,0.010111111111111081,0.0633784702249878,1700,330,0.966
834,0.621,0.055800000000000474,0.010822222222222191,0.07118507468608597,1700,340,0.963
835,0.599,0.05723333333333383,0.011466666666666634,0.06999541132755338,1700,350,0.955
836,0.631,0.05572222222222266,0.010377777777777746,0.06961566200575124,1700,360,0.962
837,0.618,0.05745555555555604,0.01051111111111108,0.06080870916875507,1700,370,0.974
838,0.597,0.06138888888888936,0.01162222222222219,0.07487276461309207,1700,380,0.954
839,0.596,0.06082222222222271,0.010911111111111078,0.0784719970567757,1700,390,0.968
840,0.605,0.06215555555555603,0.011199999999999965,0.05933713450491843,1700,400,0.973
841,0.635,0.062155555555555964,0.010266666666666638,0.07918728248768075,1700,410,0.96
842,0.596,0.06548888888888936,0.011577777777777742,0.07460624375276324,1700,420,0.959
843,0.602,0.06930000000000047,0.011111111111111079,0.06629222724126803,1700,430,0.967
844,0.609,0.06592222222222266,0.011088888888888856,0.06409735946597153,1700,440,0.972
845,0.598,0.06904444444444488,0.011466666666666635,0.07932807856471256,1700,450,0.955
846,0.603,0.06977777777777823,0.011288888888888855,0.07010628274090001,1700,460,0.957
847,0.597,0.07038888888888928,0.011444444444444412,0.08229026081534109,1700,470,0.957
848,0.571,0.07270000000000047,0.012288888888888853,0.08184488330217685,1700,480,0.959
849,0.585,0.07166666666666706,0.011822222222222189,0.07624772901800622,1700,490,0.961
850,0.63,0.010022222222222195,0.010055555555555528,0.06951209854623083,1800,0,0.97
851,0.624,0.010999999999999968,0.010777777777777747,0.06844819906393625,1800,10,0.96
852,0.654,0.010877777777777747,0.009666666666666638,0.06995108743398402,1800,20,0.974
853,0.62,0.012599999999999962,0.010766666666666636,0.0637924572435316,1800,30,0.969
854,0.604,0.014344444444444401,0.010999999999999968,0.06416231069404014,1800,40,0.958
855,0.616,0.01516666666666662,0.010711111111111081,0.07644290149384833,1800,50,0.962
856,0.605,0.01703333333333332,0.010688888888888857,0.0636820655521734,1800,60,0.965
857,0.661,0.017077777777777775,0.00997777777777775,0.07329855450094326,1800,70,0.964
858,0.636,0.018900000000000056,0.010533333333333304,0.0645747392792637,1800,80,0.974
859,0.648,0.01903333333333339,0.009399999999999974,0.07377721186735792,1800,90,0.966
860,0.63,0.020766666666666794,0.010044444444444418,0.06296470798600744,1800,100,0.971
861,0.626,0.022666666666666845,0.010522222222222192,0.06175347342074553,1800,110,0.963
862,0.638,0.024555555555555757,0.00977777777777775,0.07843138111750558,1800,120,0.962
863,0.648,0.024688888888889135,0.010044444444444418,0.05958144889615992,1800,130,0.968
864,0.64,0.027733333333333606,0.010511111111111082,0.061815854893328116,1800,140,0.968
865,0.619,0.02858888888888915,0.01042222222222219,0.05406466608243495,1800,150,0.973
866,0.63,0.029444444444444752,0.010666666666666635,0.07221730975927189,1800,160,0.963
867,0.614,0.030833333333333685,0.01091111111111108,0.07212416307477625,1800,170,0.96
868,0.643,0.03134444444444481,0.009822222222222196,0.06212628470870675,1800,180,0.97
869,0.634,0.034011111111111485,0.010266666666666638,0.053918942666710795,1800,190,0.974
870,0.633,0.03552222222222262,0.010199999999999971,0.061230538430445874,1800,200,0.967
871,0.605,0.035933333333333685,0.011155555555555523,0.07048830196538985,1800,210,0.965
872,0.638,0.037355555555555954,0.00999999999999997,0.0639026539542599,1800,220,0.972
873,0.656,0.03727777777777815,0.009622222222222195,0.05256057118447262,1800,230,0.968
874,0.644,0.0386333333333338,0.009999999999999974,0.06769192519956245,1800,240,0.972
875,0.601,0.04184444444444486,0.0115333333333333,0.06918151900745781,1800,250,0.968
876,0.612,0.04435555555555596,0.010666666666666635,0.06327233431115803,1800,260,0.976
877,0.619,0.044644444444444945,0.010244444444444415,0.06580221592838723,1800,270,0.97
878,0.63,0.0442888888888893,0.010333333333333306,0.06752153618460295,1800,280,0.958
879,0.626,0.046311111111111566,0.01028888888888886,0.06711598821523988,1800,290,0.979
880,0.589,0.04925555555555594,0.011555555555555522,0.07135004493625441,1800,300,0.962
881,0.628,0.048377777777778165,0.01037777777777775,0.07831755150425265,1800,310,0.964
882,0.629,0.050322222222222636,0.010599999999999969,0.0716813408626964,1800,320,0.964
883,0.638,0.050544444444444926,0.009799999999999972,0.06592086013241791,1800,330,0.968
884,0.649,0.052900000000000544,0.010377777777777751,0.062335433366251566,1800,340,0.977
885,0.631,0.05292222222222259,0.010588888888888858,0.07969085077038357,1800,350,0.964
886,0.611,0.05491111111111161,0.010866666666666637,0.05910497831507464,1800,360,0.963
887,0.615,0.05534444444444493,0.010644444444444411,0.06823792430157995,1800,370,0.965
888,0.637,0.0569000000000004,0.010155555555555527,0.07400553762673408,1800,380,0.971
889,0.616,0.059033333333333764,0.010555555555555525,0.07046501970493738,1800,390,0.97
890,0.647,0.059700000000000364,0.009955555555555527,0.05911031041205022,1800,400,0.972
891,0.601,0.06221111111111149,0.011333333333333301,0.07106207165459816,1800,410,0.955
892,0.613,0.05961111111111154,0.010566666666666636,0.07058649548632372,1800,420,0.971
893,0.616,0.06471111111111168,0.010422222222222194,0.07122035255616421,1800,430,0.964
894,0.62,0.0649111111111116,0.010444444444444414,0.07771515364708681,1800,440,0.973
895,0.604,0.06631111111111157,0.011199999999999969,0.07640468906509619,1800,450,0.952
896,0.624,0.06763333333333363,0.010488888888888858,0.07318118104859643,1800,460,0.968
897,0.626,0.06668888888888942,0.010711111111111081,0.07644314185754206,1800,470,0.967
898,0.61,0.0693000000000005,0.011066666666666636,0.062103525465466304,1800,480,0.965
899,0.623,0.0702888888888894,0.01059999999999997,0.07521404458212963,1800,490,0.96
900,0.652,0.009222222222222196,0.009222222222222196,0.0681955581054742,1900,0,0.971
901,0.626,0.01051111111111108,0.010166666666666638,0.0686769392135312,1900,10,0.964
902,0.62,0.011222222222222189,0.010277777777777749,0.08099906012928453,1900,20,0.971
903,0.629,0.012088888888888854,0.010155555555555529,0.07945542876791213,1900,30,0.965
904,0.669,0.012211111111111075,0.009088888888888863,0.0660115335498279,1900,40,0.976
905,0.631,0.014611111111111068,0.010066666666666639,0.05713365247903003,1900,50,0.971
906,0.649,0.014833333333333287,0.009522222222222196,0.06914418703829574,1900,60,0.964
907,0.646,0.01634444444444441,0.009933333333333304,0.06306610105418536,1900,70,0.968
908,0.619,0.01782222222222225,0.010888888888888858,0.06877870758031278,1900,80,0.963
909,0.619,0.019111111111111193,0.010311111111111082,0.06016429095260992,1900,90,0.972
910,0.659,0.019655555555555638,0.009366666666666641,0.05678481436564595,1900,100,0.97
911,0.614,0.02242222222222238,0.011044444444444412,0.0675203784901004,1900,110,0.972
912,0.644,0.022722222222222414,0.009911111111111082,0.06426747045473122,1900,120,0.973
913,0.621,0.02323333333333354,0.010244444444444415,0.0727548930645012,1900,130,0.965
914,0.645,0.026366666666666906,0.009733333333333304,0.07614826412902591,1900,140,0.961
915,0.636,0.026433333333333607,0.010066666666666639,0.06577758475965155,1900,150,0.97
916,0.643,0.028122222222222507,0.009799999999999974,0.06598237814457357,1900,160,0.966
917,0.635,0.029244444444444732,0.010755555555555525,0.06300448394454092,1900,170,0.967
918,0.667,0.0285888888888892,0.008933333333333309,0.05955390573451745,1900,180,0.974
919,0.632,0.03253333333333365,0.010066666666666639,0.07265386766963304,1900,190,0.958
920,0.62,0.032655555555555875,0.010466666666666636,0.06431209259542768,1900,200,0.97
921,0.644,0.03447777777777813,0.009799999999999972,0.059353274876241,1900,210,0.969
922,0.635,0.03604444444444483,0.01029999999999997,0.058637526264919845,1900,220,0.965
923,0.634,0.0358333333333337,0.010199999999999971,0.06702378218139153,1900,230,0.974
924,0.622,0.037355555555556016,0.010444444444444414,0.07189741687405796,1900,240,0.969
925,0.623,0.0389888888888893,0.010733333333333301,0.07388046158353051,1900,250,0.962
926,0.628,0.03966666666666708,0.010055555555555528,0.06448961387320638,1900,260,0.967
927,0.655,0.04186666666666708,0.009599999999999975,0.06967959325838945,1900,270,0.971
928,0.64,0.04344444444444492,0.010311111111111082,0.0700676237079008,1900,280,0.965
929,0.651,0.04413333333333376,0.009799999999999972,0.06791075909375016,1900,290,0.969
930,0.634,0.04530000000000043,0.009933333333333304,0.05988760421879197,1900,300,0.975
931,0.633,0.046677777777778304,0.010355555555555526,0.06789653921516037,1900,310,0.967
932,0.613,0.049233333333333726,0.010799999999999968,0.060447355068609786,1900,320,0.966
933,0.644,0.04797777777777828,0.009511111111111085,0.06848254279794165,1900,330,0.962
934,0.637,0.049566666666667134,0.01008888888888886,0.07073787367315833,1900,340,0.956
935,0.625,0.05164444444444497,0.01062222222222219,0.06949236540733025,1900,350,0.969
936,0.642,0.05204444444444483,0.010177777777777751,0.05923517674598844,1900,360,0.964
937,0.64,0.05255555555555593,0.009533333333333307,0.07294441506588817,1900,370,0.966
938,0.605,0.05470000000000047,0.011288888888888857,0.06974985052683737,1900,380,0.961
939,0.625,0.056211111111111614,0.010244444444444415,0.06891293506620387,1900,390,0.965
940,0.648,0.05748888888888935,0.009688888888888861,0.062409031928447406,1900,400,0.975
941,0.619,0.059588888888889344,0.010666666666666635,0.07046453817994022,1900,410,0.961
942,0.626,0.06002222222222263,0.01069999999999997,0.07497345745665983,1900,420,0.953
943,0.619,0.060700000000000504,0.01079999999999997,0.06437085136762967,1900,430,0.965
944,0.615,0.06110000000000049,0.010933333333333302,0.06529976615891124,1900,440,0.955
945,0.626,0.06166666666666709,0.010444444444444416,0.06358392535360519,1900,450,0.962
946,0.611,0.06312222222222258,0.010733333333333303,0.07379763268483676,1900,460,0.97
947,0.628,0.06334444444444491,0.009688888888888861,0.07558796327858375,1900,470,0.968
948,0.627,0.06423333333333388,0.010155555555555529,0.06947343299978734,1900,480,0.957
949,0.623,0.06621111111111157,0.010444444444444414,0.07249357198155143,1900,490,0.974
