,$\mu_{h_1}$,$\mu_{h_2}$,$\mu_{x_1}$,$\mu_{x_2}$,success_rate
0,-4.0,2,-4.0,2,0.846
1,-4.0,2,-3.9,2,0.853
2,-4.0,2,-3.8,2,0.861
3,-4.0,2,-3.7,2,0.879
4,-4.0,2,-3.6,2,0.852
5,-4.0,2,-3.5,2,0.865
6,-4.0,2,-3.4,2,0.849
7,-4.0,2,-3.3,2,0.853
8,-4.0,2,-3.2,2,0.86
9,-4.0,2,-3.1,2,0.848
10,-4.0,2,-3.0,2,0.849
11,-4.0,2,-2.9,2,0.843
12,-4.0,2,-2.8,2,0.862
13,-4.0,2,-2.7,2,0.85
14,-4.0,2,-2.6,2,0.844
15,-4.0,2,-2.5,2,0.843
16,-4.0,2,-2.4,2,0.854
17,-4.0,2,-2.3,2,0.849
18,-4.0,2,-2.2,2,0.823
19,-4.0,2,-2.1,2,0.859
20,-4.0,2,-2.0,2,0.847
21,-4.0,2,-1.9,2,0.833
22,-4.0,2,-1.8,2,0.829
23,-4.0,2,-1.7,2,0.852
24,-4.0,2,-1.6,2,0.857
25,-4.0,2,-1.5,2,0.851
26,-4.0,2,-1.4,2,0.85
27,-4.0,2,-1.3,2,0.863
28,-4.0,2,-1.2,2,0.867
29,-4.0,2,-1.1,2,0.843
30,-4.0,2,-1.0,2,0.859
31,-4.0,2,-0.9,2,0.841
32,-4.0,2,-0.8,2,0.852
33,-4.0,2,-0.7,2,0.873
34,-4.0,2,-0.6,2,0.863
35,-4.0,2,-0.5,2,0.867
36,-4.0,2,-0.4,2,0.871
37,-4.0,2,-0.3,2,0.863
38,-4.0,2,-0.2,2,0.858
39,-4.0,2,-0.1,2,0.843
40,-3.9,2,-4.0,2,0.852
41,-3.9,2,-3.9,2,0.852
42,-3.9,2,-3.8,2,0.863
43,-3.9,2,-3.7,2,0.852
44,-3.9,2,-3.6,2,0.865
45,-3.9,2,-3.5,2,0.857
46,-3.9,2,-3.4,2,0.87
47,-3.9,2,-3.3,2,0.856
48,-3.9,2,-3.2,2,0.857
49,-3.9,2,-3.1,2,0.844
50,-3.9,2,-3.0,2,0.832
51,-3.9,2,-2.9,2,0.866
52,-3.9,2,-2.8,2,0.853
53,-3.9,2,-2.7,2,0.873
54,-3.9,2,-2.6,2,0.856
55,-3.9,2,-2.5,2,0.844
56,-3.9,2,-2.4,2,0.851
57,-3.9,2,-2.3,2,0.862
58,-3.9,2,-2.2,2,0.865
59,-3.9,2,-2.1,2,0.845
60,-3.9,2,-2.0,2,0.87
61,-3.9,2,-1.9,2,0.857
62,-3.9,2,-1.8,2,0.839
63,-3.9,2,-1.7,2,0.849
64,-3.9,2,-1.6,2,0.84
65,-3.9,2,-1.5,2,0.864
66,-3.9,2,-1.4,2,0.863
67,-3.9,2,-1.3,2,0.851
68,-3.9,2,-1.2,2,0.861
69,-3.9,2,-1.1,2,0.865
70,-3.9,2,-1.0,2,0.852
71,-3.9,2,-0.9,2,0.843
72,-3.9,2,-0.8,2,0.862
73,-3.9,2,-0.7,2,0.836
74,-3.9,2,-0.6,2,0.861
75,-3.9,2,-0.5,2,0.854
76,-3.9,2,-0.4,2,0.862
77,-3.9,2,-0.3,2,0.849
78,-3.9,2,-0.2,2,0.838
79,-3.9,2,-0.1,2,0.832
80,-3.8,2,-4.0,2,0.855
81,-3.8,2,-3.9,2,0.826
82,-3.8,2,-3.8,2,0.859
83,-3.8,2,-3.7,2,0.851
84,-3.8,2,-3.6,2,0.883
85,-3.8,2,-3.5,2,0.848
86,-3.8,2,-3.4,2,0.839
87,-3.8,2,-3.3,2,0.864
88,-3.8,2,-3.2,2,0.854
89,-3.8,2,-3.1,2,0.865
90,-3.8,2,-3.0,2,0.87
91,-3.8,2,-2.9,2,0.848
92,-3.8,2,-2.8,2,0.868
93,-3.8,2,-2.7,2,0.879
94,-3.8,2,-2.6,2,0.847
95,-3.8,2,-2.5,2,0.878
96,-3.8,2,-2.4,2,0.828
97,-3.8,2,-2.3,2,0.854
98,-3.8,2,-2.2,2,0.859
99,-3.8,2,-2.1,2,0.865
100,-3.8,2,-2.0,2,0.865
101,-3.8,2,-1.9,2,0.839
102,-3.8,2,-1.8,2,0.829
103,-3.8,2,-1.7,2,0.845
104,-3.8,2,-1.6,2,0.861
105,-3.8,2,-1.5,2,0.862
106,-3.8,2,-1.4,2,0.831
107,-3.8,2,-1.3,2,0.848
108,-3.8,2,-1.2,2,0.844
109,-3.8,2,-1.1,2,0.875
110,-3.8,2,-1.0,2,0.845
111,-3.8,2,-0.9,2,0.856
112,-3.8,2,-0.8,2,0.862
113,-3.8,2,-0.7,2,0.858
114,-3.8,2,-0.6,2,0.864
115,-3.8,2,-0.5,2,0.868
116,-3.8,2,-0.4,2,0.84
117,-3.8,2,-0.3,2,0.849
118,-3.8,2,-0.2,2,0.857
119,-3.8,2,-0.1,2,0.867
120,-3.7,2,-4.0,2,0.858
121,-3.7,2,-3.9,2,0.873
122,-3.7,2,-3.8,2,0.858
123,-3.7,2,-3.7,2,0.863
124,-3.7,2,-3.6,2,0.841
125,-3.7,2,-3.5,2,0.856
126,-3.7,2,-3.4,2,0.86
127,-3.7,2,-3.3,2,0.855
128,-3.7,2,-3.2,2,0.84
129,-3.7,2,-3.1,2,0.86
130,-3.7,2,-3.0,2,0.841
131,-3.7,2,-2.9,2,0.881
132,-3.7,2,-2.8,2,0.856
133,-3.7,2,-2.7,2,0.876
134,-3.7,2,-2.6,2,0.855
135,-3.7,2,-2.5,2,0.861
136,-3.7,2,-2.4,2,0.871
137,-3.7,2,-2.3,2,0.855
138,-3.7,2,-2.2,2,0.852
139,-3.7,2,-2.1,2,0.855
140,-3.7,2,-2.0,2,0.847
141,-3.7,2,-1.9,2,0.842
142,-3.7,2,-1.8,2,0.871
143,-3.7,2,-1.7,2,0.87
144,-3.7,2,-1.6,2,0.846
145,-3.7,2,-1.5,2,0.851
146,-3.7,2,-1.4,2,0.842
147,-3.7,2,-1.3,2,0.864
148,-3.7,2,-1.2,2,0.861
149,-3.7,2,-1.1,2,0.855
150,-3.7,2,-1.0,2,0.841
151,-3.7,2,-0.9,2,0.874
152,-3.7,2,-0.8,2,0.855
153,-3.7,2,-0.7,2,0.842
154,-3.7,2,-0.6,2,0.858
155,-3.7,2,-0.5,2,0.857
156,-3.7,2,-0.4,2,0.848
157,-3.7,2,-0.3,2,0.845
158,-3.7,2,-0.2,2,0.864
159,-3.7,2,-0.1,2,0.861
160,-3.6,2,-4.0,2,0.873
161,-3.6,2,-3.9,2,0.853
162,-3.6,2,-3.8,2,0.876
163,-3.6,2,-3.7,2,0.864
164,-3.6,2,-3.6,2,0.843
165,-3.6,2,-3.5,2,0.872
166,-3.6,2,-3.4,2,0.853
167,-3.6,2,-3.3,2,0.861
168,-3.6,2,-3.2,2,0.877
169,-3.6,2,-3.1,2,0.87
170,-3.6,2,-3.0,2,0.849
171,-3.6,2,-2.9,2,0.86
172,-3.6,2,-2.8,2,0.851
173,-3.6,2,-2.7,2,0.862
174,-3.6,2,-2.6,2,0.861
175,-3.6,2,-2.5,2,0.862
176,-3.6,2,-2.4,2,0.85
177,-3.6,2,-2.3,2,0.831
178,-3.6,2,-2.2,2,0.842
179,-3.6,2,-2.1,2,0.84
180,-3.6,2,-2.0,2,0.857
181,-3.6,2,-1.9,2,0.856
182,-3.6,2,-1.8,2,0.846
183,-3.6,2,-1.7,2,0.854
184,-3.6,2,-1.6,2,0.85
185,-3.6,2,-1.5,2,0.859
186,-3.6,2,-1.4,2,0.854
187,-3.6,2,-1.3,2,0.873
188,-3.6,2,-1.2,2,0.872
189,-3.6,2,-1.1,2,0.848
190,-3.6,2,-1.0,2,0.859
191,-3.6,2,-0.9,2,0.857
192,-3.6,2,-0.8,2,0.863
193,-3.6,2,-0.7,2,0.856
194,-3.6,2,-0.6,2,0.879
195,-3.6,2,-0.5,2,0.84
196,-3.6,2,-0.4,2,0.82
197,-3.6,2,-0.3,2,0.847
198,-3.6,2,-0.2,2,0.83
199,-3.6,2,-0.1,2,0.836
200,-3.5,2,-4.0,2,0.866
201,-3.5,2,-3.9,2,0.864
202,-3.5,2,-3.8,2,0.846
203,-3.5,2,-3.7,2,0.847
204,-3.5,2,-3.6,2,0.869
205,-3.5,2,-3.5,2,0.871
206,-3.5,2,-3.4,2,0.866
207,-3.5,2,-3.3,2,0.826
208,-3.5,2,-3.2,2,0.872
209,-3.5,2,-3.1,2,0.847
210,-3.5,2,-3.0,2,0.844
211,-3.5,2,-2.9,2,0.848
212,-3.5,2,-2.8,2,0.837
213,-3.5,2,-2.7,2,0.846
214,-3.5,2,-2.6,2,0.841
215,-3.5,2,-2.5,2,0.849
216,-3.5,2,-2.4,2,0.867
217,-3.5,2,-2.3,2,0.856
218,-3.5,2,-2.2,2,0.852
219,-3.5,2,-2.1,2,0.843
220,-3.5,2,-2.0,2,0.861
221,-3.5,2,-1.9,2,0.854
222,-3.5,2,-1.8,2,0.847
223,-3.5,2,-1.7,2,0.869
224,-3.5,2,-1.6,2,0.86
225,-3.5,2,-1.5,2,0.855
226,-3.5,2,-1.4,2,0.842
227,-3.5,2,-1.3,2,0.868
228,-3.5,2,-1.2,2,0.833
229,-3.5,2,-1.1,2,0.856
230,-3.5,2,-1.0,2,0.851
231,-3.5,2,-0.9,2,0.865
232,-3.5,2,-0.8,2,0.848
233,-3.5,2,-0.7,2,0.875
234,-3.5,2,-0.6,2,0.84
235,-3.5,2,-0.5,2,0.863
236,-3.5,2,-0.4,2,0.858
237,-3.5,2,-0.3,2,0.853
238,-3.5,2,-0.2,2,0.873
239,-3.5,2,-0.1,2,0.859
240,-3.4,2,-4.0,2,0.855
241,-3.4,2,-3.9,2,0.868
242,-3.4,2,-3.8,2,0.84
243,-3.4,2,-3.7,2,0.87
244,-3.4,2,-3.6,2,0.893
245,-3.4,2,-3.5,2,0.853
246,-3.4,2,-3.4,2,0.857
247,-3.4,2,-3.3,2,0.86
248,-3.4,2,-3.2,2,0.859
249,-3.4,2,-3.1,2,0.858
250,-3.4,2,-3.0,2,0.861
251,-3.4,2,-2.9,2,0.843
252,-3.4,2,-2.8,2,0.842
253,-3.4,2,-2.7,2,0.856
254,-3.4,2,-2.6,2,0.882
255,-3.4,2,-2.5,2,0.872
256,-3.4,2,-2.4,2,0.857
257,-3.4,2,-2.3,2,0.836
258,-3.4,2,-2.2,2,0.856
259,-3.4,2,-2.1,2,0.859
260,-3.4,2,-2.0,2,0.867
261,-3.4,2,-1.9,2,0.851
262,-3.4,2,-1.8,2,0.85
263,-3.4,2,-1.7,2,0.86
264,-3.4,2,-1.6,2,0.833
265,-3.4,2,-1.5,2,0.836
266,-3.4,2,-1.4,2,0.851
267,-3.4,2,-1.3,2,0.869
268,-3.4,2,-1.2,2,0.857
269,-3.4,2,-1.1,2,0.851
270,-3.4,2,-1.0,2,0.851
271,-3.4,2,-0.9,2,0.854
272,-3.4,2,-0.8,2,0.858
273,-3.4,2,-0.7,2,0.871
274,-3.4,2,-0.6,2,0.865
275,-3.4,2,-0.5,2,0.85
276,-3.4,2,-0.4,2,0.853
277,-3.4,2,-0.3,2,0.85
278,-3.4,2,-0.2,2,0.855
279,-3.4,2,-0.1,2,0.848
280,-3.3,2,-4.0,2,0.849
281,-3.3,2,-3.9,2,0.876
282,-3.3,2,-3.8,2,0.87
283,-3.3,2,-3.7,2,0.868
284,-3.3,2,-3.6,2,0.861
285,-3.3,2,-3.5,2,0.85
286,-3.3,2,-3.4,2,0.852
287,-3.3,2,-3.3,2,0.849
288,-3.3,2,-3.2,2,0.871
289,-3.3,2,-3.1,2,0.844
290,-3.3,2,-3.0,2,0.845
291,-3.3,2,-2.9,2,0.851
292,-3.3,2,-2.8,2,0.855
293,-3.3,2,-2.7,2,0.873
294,-3.3,2,-2.6,2,0.824
295,-3.3,2,-2.5,2,0.857
296,-3.3,2,-2.4,2,0.837
297,-3.3,2,-2.3,2,0.868
298,-3.3,2,-2.2,2,0.853
299,-3.3,2,-2.1,2,0.857
300,-3.3,2,-2.0,2,0.854
301,-3.3,2,-1.9,2,0.877
302,-3.3,2,-1.8,2,0.848
303,-3.3,2,-1.7,2,0.863
304,-3.3,2,-1.6,2,0.853
305,-3.3,2,-1.5,2,0.869
306,-3.3,2,-1.4,2,0.863
307,-3.3,2,-1.3,2,0.841
308,-3.3,2,-1.2,2,0.858
309,-3.3,2,-1.1,2,0.846
310,-3.3,2,-1.0,2,0.867
311,-3.3,2,-0.9,2,0.864
312,-3.3,2,-0.8,2,0.863
313,-3.3,2,-0.7,2,0.862
314,-3.3,2,-0.6,2,0.87
315,-3.3,2,-0.5,2,0.854
316,-3.3,2,-0.4,2,0.845
317,-3.3,2,-0.3,2,0.836
318,-3.3,2,-0.2,2,0.842
319,-3.3,2,-0.1,2,0.87
320,-3.2,2,-4.0,2,0.85
321,-3.2,2,-3.9,2,0.866
322,-3.2,2,-3.8,2,0.849
323,-3.2,2,-3.7,2,0.867
324,-3.2,2,-3.6,2,0.867
325,-3.2,2,-3.5,2,0.853
326,-3.2,2,-3.4,2,0.848
327,-3.2,2,-3.3,2,0.878
328,-3.2,2,-3.2,2,0.861
329,-3.2,2,-3.1,2,0.845
330,-3.2,2,-3.0,2,0.844
331,-3.2,2,-2.9,2,0.862
332,-3.2,2,-2.8,2,0.854
333,-3.2,2,-2.7,2,0.842
334,-3.2,2,-2.6,2,0.855
335,-3.2,2,-2.5,2,0.857
336,-3.2,2,-2.4,2,0.854
337,-3.2,2,-2.3,2,0.863
338,-3.2,2,-2.2,2,0.859
339,-3.2,2,-2.1,2,0.867
340,-3.2,2,-2.0,2,0.849
341,-3.2,2,-1.9,2,0.852
342,-3.2,2,-1.8,2,0.845
343,-3.2,2,-1.7,2,0.869
344,-3.2,2,-1.6,2,0.856
345,-3.2,2,-1.5,2,0.864
346,-3.2,2,-1.4,2,0.856
347,-3.2,2,-1.3,2,0.847
348,-3.2,2,-1.2,2,0.847
349,-3.2,2,-1.1,2,0.855
350,-3.2,2,-1.0,2,0.87
351,-3.2,2,-0.9,2,0.854
352,-3.2,2,-0.8,2,0.846
353,-3.2,2,-0.7,2,0.85
354,-3.2,2,-0.6,2,0.845
355,-3.2,2,-0.5,2,0.869
356,-3.2,2,-0.4,2,0.858
357,-3.2,2,-0.3,2,0.831
358,-3.2,2,-0.2,2,0.855
359,-3.2,2,-0.1,2,0.855
360,-3.1,2,-4.0,2,0.87
361,-3.1,2,-3.9,2,0.855
362,-3.1,2,-3.8,2,0.843
363,-3.1,2,-3.7,2,0.863
364,-3.1,2,-3.6,2,0.851
365,-3.1,2,-3.5,2,0.867
366,-3.1,2,-3.4,2,0.864
367,-3.1,2,-3.3,2,0.863
368,-3.1,2,-3.2,2,0.872
369,-3.1,2,-3.1,2,0.873
370,-3.1,2,-3.0,2,0.879
371,-3.1,2,-2.9,2,0.859
372,-3.1,2,-2.8,2,0.845
373,-3.1,2,-2.7,2,0.862
374,-3.1,2,-2.6,2,0.859
375,-3.1,2,-2.5,2,0.841
376,-3.1,2,-2.4,2,0.869
377,-3.1,2,-2.3,2,0.854
378,-3.1,2,-2.2,2,0.842
379,-3.1,2,-2.1,2,0.882
380,-3.1,2,-2.0,2,0.841
381,-3.1,2,-1.9,2,0.859
382,-3.1,2,-1.8,2,0.842
383,-3.1,2,-1.7,2,0.847
384,-3.1,2,-1.6,2,0.871
385,-3.1,2,-1.5,2,0.853
386,-3.1,2,-1.4,2,0.848
387,-3.1,2,-1.3,2,0.845
388,-3.1,2,-1.2,2,0.853
389,-3.1,2,-1.1,2,0.856
390,-3.1,2,-1.0,2,0.838
391,-3.1,2,-0.9,2,0.864
392,-3.1,2,-0.8,2,0.868
393,-3.1,2,-0.7,2,0.858
394,-3.1,2,-0.6,2,0.856
395,-3.1,2,-0.5,2,0.836
396,-3.1,2,-0.4,2,0.848
397,-3.1,2,-0.3,2,0.854
398,-3.1,2,-0.2,2,0.862
399,-3.1,2,-0.1,2,0.825
400,-3.0,2,-4.0,2,0.854
401,-3.0,2,-3.9,2,0.846
402,-3.0,2,-3.8,2,0.864
403,-3.0,2,-3.7,2,0.851
404,-3.0,2,-3.6,2,0.841
405,-3.0,2,-3.5,2,0.863
406,-3.0,2,-3.4,2,0.853
407,-3.0,2,-3.3,2,0.84
408,-3.0,2,-3.2,2,0.848
409,-3.0,2,-3.1,2,0.846
410,-3.0,2,-3.0,2,0.858
411,-3.0,2,-2.9,2,0.853
412,-3.0,2,-2.8,2,0.857
413,-3.0,2,-2.7,2,0.845
414,-3.0,2,-2.6,2,0.854
415,-3.0,2,-2.5,2,0.848
416,-3.0,2,-2.4,2,0.849
417,-3.0,2,-2.3,2,0.862
418,-3.0,2,-2.2,2,0.843
419,-3.0,2,-2.1,2,0.849
420,-3.0,2,-2.0,2,0.835
421,-3.0,2,-1.9,2,0.862
422,-3.0,2,-1.8,2,0.863
423,-3.0,2,-1.7,2,0.84
424,-3.0,2,-1.6,2,0.864
425,-3.0,2,-1.5,2,0.868
426,-3.0,2,-1.4,2,0.871
427,-3.0,2,-1.3,2,0.86
428,-3.0,2,-1.2,2,0.844
429,-3.0,2,-1.1,2,0.859
430,-3.0,2,-1.0,2,0.857
431,-3.0,2,-0.9,2,0.854
432,-3.0,2,-0.8,2,0.851
433,-3.0,2,-0.7,2,0.838
434,-3.0,2,-0.6,2,0.846
435,-3.0,2,-0.5,2,0.825
436,-3.0,2,-0.4,2,0.84
437,-3.0,2,-0.3,2,0.849
438,-3.0,2,-0.2,2,0.865
439,-3.0,2,-0.1,2,0.849
440,-2.9,2,-4.0,2,0.853
441,-2.9,2,-3.9,2,0.847
442,-2.9,2,-3.8,2,0.847
443,-2.9,2,-3.7,2,0.85
444,-2.9,2,-3.6,2,0.866
445,-2.9,2,-3.5,2,0.855
446,-2.9,2,-3.4,2,0.864
447,-2.9,2,-3.3,2,0.856
448,-2.9,2,-3.2,2,0.862
449,-2.9,2,-3.1,2,0.873
450,-2.9,2,-3.0,2,0.851
451,-2.9,2,-2.9,2,0.849
452,-2.9,2,-2.8,2,0.863
453,-2.9,2,-2.7,2,0.854
454,-2.9,2,-2.6,2,0.855
455,-2.9,2,-2.5,2,0.859
456,-2.9,2,-2.4,2,0.881
457,-2.9,2,-2.3,2,0.864
458,-2.9,2,-2.2,2,0.853
459,-2.9,2,-2.1,2,0.834
460,-2.9,2,-2.0,2,0.874
461,-2.9,2,-1.9,2,0.857
462,-2.9,2,-1.8,2,0.863
463,-2.9,2,-1.7,2,0.844
464,-2.9,2,-1.6,2,0.857
465,-2.9,2,-1.5,2,0.857
466,-2.9,2,-1.4,2,0.847
467,-2.9,2,-1.3,2,0.852
468,-2.9,2,-1.2,2,0.864
469,-2.9,2,-1.1,2,0.869
470,-2.9,2,-1.0,2,0.866
471,-2.9,2,-0.9,2,0.851
472,-2.9,2,-0.8,2,0.863
473,-2.9,2,-0.7,2,0.853
474,-2.9,2,-0.6,2,0.856
475,-2.9,2,-0.5,2,0.861
476,-2.9,2,-0.4,2,0.857
477,-2.9,2,-0.3,2,0.843
478,-2.9,2,-0.2,2,0.855
479,-2.9,2,-0.1,2,0.843
480,-2.8,2,-4.0,2,0.854
481,-2.8,2,-3.9,2,0.856
482,-2.8,2,-3.8,2,0.855
483,-2.8,2,-3.7,2,0.862
484,-2.8,2,-3.6,2,0.851
485,-2.8,2,-3.5,2,0.852
486,-2.8,2,-3.4,2,0.865
487,-2.8,2,-3.3,2,0.851
488,-2.8,2,-3.2,2,0.859
489,-2.8,2,-3.1,2,0.833
490,-2.8,2,-3.0,2,0.872
491,-2.8,2,-2.9,2,0.843
492,-2.8,2,-2.8,2,0.867
493,-2.8,2,-2.7,2,0.856
494,-2.8,2,-2.6,2,0.85
495,-2.8,2,-2.5,2,0.854
496,-2.8,2,-2.4,2,0.86
497,-2.8,2,-2.3,2,0.855
498,-2.8,2,-2.2,2,0.847
499,-2.8,2,-2.1,2,0.855
500,-2.8,2,-2.0,2,0.857
501,-2.8,2,-1.9,2,0.866
502,-2.8,2,-1.8,2,0.854
503,-2.8,2,-1.7,2,0.842
504,-2.8,2,-1.6,2,0.845
505,-2.8,2,-1.5,2,0.85
506,-2.8,2,-1.4,2,0.863
507,-2.8,2,-1.3,2,0.855
508,-2.8,2,-1.2,2,0.86
509,-2.8,2,-1.1,2,0.847
510,-2.8,2,-1.0,2,0.869
511,-2.8,2,-0.9,2,0.837
512,-2.8,2,-0.8,2,0.859
513,-2.8,2,-0.7,2,0.868
514,-2.8,2,-0.6,2,0.843
515,-2.8,2,-0.5,2,0.839
516,-2.8,2,-0.4,2,0.838
517,-2.8,2,-0.3,2,0.854
518,-2.8,2,-0.2,2,0.854
519,-2.8,2,-0.1,2,0.835
520,-2.7,2,-4.0,2,0.834
521,-2.7,2,-3.9,2,0.857
522,-2.7,2,-3.8,2,0.878
523,-2.7,2,-3.7,2,0.844
524,-2.7,2,-3.6,2,0.872
525,-2.7,2,-3.5,2,0.849
526,-2.7,2,-3.4,2,0.857
527,-2.7,2,-3.3,2,0.848
528,-2.7,2,-3.2,2,0.857
529,-2.7,2,-3.1,2,0.87
530,-2.7,2,-3.0,2,0.852
531,-2.7,2,-2.9,2,0.866
532,-2.7,2,-2.8,2,0.853
533,-2.7,2,-2.7,2,0.84
534,-2.7,2,-2.6,2,0.874
535,-2.7,2,-2.5,2,0.86
536,-2.7,2,-2.4,2,0.851
537,-2.7,2,-2.3,2,0.863
538,-2.7,2,-2.2,2,0.872
539,-2.7,2,-2.1,2,0.873
540,-2.7,2,-2.0,2,0.861
541,-2.7,2,-1.9,2,0.848
542,-2.7,2,-1.8,2,0.863
543,-2.7,2,-1.7,2,0.874
544,-2.7,2,-1.6,2,0.865
545,-2.7,2,-1.5,2,0.856
546,-2.7,2,-1.4,2,0.854
547,-2.7,2,-1.3,2,0.845
548,-2.7,2,-1.2,2,0.872
549,-2.7,2,-1.1,2,0.849
550,-2.7,2,-1.0,2,0.854
551,-2.7,2,-0.9,2,0.828
552,-2.7,2,-0.8,2,0.874
553,-2.7,2,-0.7,2,0.85
554,-2.7,2,-0.6,2,0.85
555,-2.7,2,-0.5,2,0.861
556,-2.7,2,-0.4,2,0.854
557,-2.7,2,-0.3,2,0.86
558,-2.7,2,-0.2,2,0.846
559,-2.7,2,-0.1,2,0.86
560,-2.6,2,-4.0,2,0.839
561,-2.6,2,-3.9,2,0.872
562,-2.6,2,-3.8,2,0.835
563,-2.6,2,-3.7,2,0.867
564,-2.6,2,-3.6,2,0.863
565,-2.6,2,-3.5,2,0.851
566,-2.6,2,-3.4,2,0.862
567,-2.6,2,-3.3,2,0.832
568,-2.6,2,-3.2,2,0.854
569,-2.6,2,-3.1,2,0.858
570,-2.6,2,-3.0,2,0.851
571,-2.6,2,-2.9,2,0.838
572,-2.6,2,-2.8,2,0.844
573,-2.6,2,-2.7,2,0.868
574,-2.6,2,-2.6,2,0.85
575,-2.6,2,-2.5,2,0.846
576,-2.6,2,-2.4,2,0.849
577,-2.6,2,-2.3,2,0.87
578,-2.6,2,-2.2,2,0.852
579,-2.6,2,-2.1,2,0.837
580,-2.6,2,-2.0,2,0.848
581,-2.6,2,-1.9,2,0.862
582,-2.6,2,-1.8,2,0.844
583,-2.6,2,-1.7,2,0.85
584,-2.6,2,-1.6,2,0.857
585,-2.6,2,-1.5,2,0.84
586,-2.6,2,-1.4,2,0.856
587,-2.6,2,-1.3,2,0.851
588,-2.6,2,-1.2,2,0.857
589,-2.6,2,-1.1,2,0.863
590,-2.6,2,-1.0,2,0.851
591,-2.6,2,-0.9,2,0.857
592,-2.6,2,-0.8,2,0.869
593,-2.6,2,-0.7,2,0.864
594,-2.6,2,-0.6,2,0.835
595,-2.6,2,-0.5,2,0.869
596,-2.6,2,-0.4,2,0.846
597,-2.6,2,-0.3,2,0.845
598,-2.6,2,-0.2,2,0.82
599,-2.6,2,-0.1,2,0.841
600,-2.5,2,-4.0,2,0.852
601,-2.5,2,-3.9,2,0.837
602,-2.5,2,-3.8,2,0.857
603,-2.5,2,-3.7,2,0.857
604,-2.5,2,-3.6,2,0.867
605,-2.5,2,-3.5,2,0.864
606,-2.5,2,-3.4,2,0.859
607,-2.5,2,-3.3,2,0.863
608,-2.5,2,-3.2,2,0.856
609,-2.5,2,-3.1,2,0.842
610,-2.5,2,-3.0,2,0.857
611,-2.5,2,-2.9,2,0.869
612,-2.5,2,-2.8,2,0.859
613,-2.5,2,-2.7,2,0.867
614,-2.5,2,-2.6,2,0.857
615,-2.5,2,-2.5,2,0.864
616,-2.5,2,-2.4,2,0.874
617,-2.5,2,-2.3,2,0.852
618,-2.5,2,-2.2,2,0.884
619,-2.5,2,-2.1,2,0.864
620,-2.5,2,-2.0,2,0.838
621,-2.5,2,-1.9,2,0.868
622,-2.5,2,-1.8,2,0.865
623,-2.5,2,-1.7,2,0.862
624,-2.5,2,-1.6,2,0.848
625,-2.5,2,-1.5,2,0.85
626,-2.5,2,-1.4,2,0.855
627,-2.5,2,-1.3,2,0.871
628,-2.5,2,-1.2,2,0.859
629,-2.5,2,-1.1,2,0.852
630,-2.5,2,-1.0,2,0.848
631,-2.5,2,-0.9,2,0.848
632,-2.5,2,-0.8,2,0.845
633,-2.5,2,-0.7,2,0.851
634,-2.5,2,-0.6,2,0.845
635,-2.5,2,-0.5,2,0.86
636,-2.5,2,-0.4,2,0.855
637,-2.5,2,-0.3,2,0.831
638,-2.5,2,-0.2,2,0.851
639,-2.5,2,-0.1,2,0.823
640,-2.4,2,-4.0,2,0.834
641,-2.4,2,-3.9,2,0.838
642,-2.4,2,-3.8,2,0.841
643,-2.4,2,-3.7,2,0.844
644,-2.4,2,-3.6,2,0.845
645,-2.4,2,-3.5,2,0.86
646,-2.4,2,-3.4,2,0.846
647,-2.4,2,-3.3,2,0.862
648,-2.4,2,-3.2,2,0.859
649,-2.4,2,-3.1,2,0.847
650,-2.4,2,-3.0,2,0.862
651,-2.4,2,-2.9,2,0.863
652,-2.4,2,-2.8,2,0.858
653,-2.4,2,-2.7,2,0.865
654,-2.4,2,-2.6,2,0.852
655,-2.4,2,-2.5,2,0.866
656,-2.4,2,-2.4,2,0.845
657,-2.4,2,-2.3,2,0.856
658,-2.4,2,-2.2,2,0.853
659,-2.4,2,-2.1,2,0.851
660,-2.4,2,-2.0,2,0.854
661,-2.4,2,-1.9,2,0.858
662,-2.4,2,-1.8,2,0.842
663,-2.4,2,-1.7,2,0.865
664,-2.4,2,-1.6,2,0.835
665,-2.4,2,-1.5,2,0.856
666,-2.4,2,-1.4,2,0.852
667,-2.4,2,-1.3,2,0.85
668,-2.4,2,-1.2,2,0.87
669,-2.4,2,-1.1,2,0.833
670,-2.4,2,-1.0,2,0.856
671,-2.4,2,-0.9,2,0.848
672,-2.4,2,-0.8,2,0.851
673,-2.4,2,-0.7,2,0.849
674,-2.4,2,-0.6,2,0.849
675,-2.4,2,-0.5,2,0.829
676,-2.4,2,-0.4,2,0.843
677,-2.4,2,-0.3,2,0.857
678,-2.4,2,-0.2,2,0.854
679,-2.4,2,-0.1,2,0.847
680,-2.3,2,-4.0,2,0.857
681,-2.3,2,-3.9,2,0.845
682,-2.3,2,-3.8,2,0.863
683,-2.3,2,-3.7,2,0.851
684,-2.3,2,-3.6,2,0.854
685,-2.3,2,-3.5,2,0.863
686,-2.3,2,-3.4,2,0.872
687,-2.3,2,-3.3,2,0.868
688,-2.3,2,-3.2,2,0.872
689,-2.3,2,-3.1,2,0.844
690,-2.3,2,-3.0,2,0.861
691,-2.3,2,-2.9,2,0.861
692,-2.3,2,-2.8,2,0.851
693,-2.3,2,-2.7,2,0.859
694,-2.3,2,-2.6,2,0.863
695,-2.3,2,-2.5,2,0.846
696,-2.3,2,-2.4,2,0.868
697,-2.3,2,-2.3,2,0.852
698,-2.3,2,-2.2,2,0.854
699,-2.3,2,-2.1,2,0.833
700,-2.3,2,-2.0,2,0.847
701,-2.3,2,-1.9,2,0.86
702,-2.3,2,-1.8,2,0.852
703,-2.3,2,-1.7,2,0.87
704,-2.3,2,-1.6,2,0.851
705,-2.3,2,-1.5,2,0.864
706,-2.3,2,-1.4,2,0.863
707,-2.3,2,-1.3,2,0.846
708,-2.3,2,-1.2,2,0.859
709,-2.3,2,-1.1,2,0.855
710,-2.3,2,-1.0,2,0.85
711,-2.3,2,-0.9,2,0.852
712,-2.3,2,-0.8,2,0.846
713,-2.3,2,-0.7,2,0.837
714,-2.3,2,-0.6,2,0.832
715,-2.3,2,-0.5,2,0.853
716,-2.3,2,-0.4,2,0.856
717,-2.3,2,-0.3,2,0.836
718,-2.3,2,-0.2,2,0.863
719,-2.3,2,-0.1,2,0.842
720,-2.2,2,-4.0,2,0.853
721,-2.2,2,-3.9,2,0.859
722,-2.2,2,-3.8,2,0.856
723,-2.2,2,-3.7,2,0.863
724,-2.2,2,-3.6,2,0.851
725,-2.2,2,-3.5,2,0.844
726,-2.2,2,-3.4,2,0.848
727,-2.2,2,-3.3,2,0.865
728,-2.2,2,-3.2,2,0.87
729,-2.2,2,-3.1,2,0.873
730,-2.2,2,-3.0,2,0.863
731,-2.2,2,-2.9,2,0.845
732,-2.2,2,-2.8,2,0.856
733,-2.2,2,-2.7,2,0.848
734,-2.2,2,-2.6,2,0.868
735,-2.2,2,-2.5,2,0.858
736,-2.2,2,-2.4,2,0.875
737,-2.2,2,-2.3,2,0.849
738,-2.2,2,-2.2,2,0.848
739,-2.2,2,-2.1,2,0.846
740,-2.2,2,-2.0,2,0.85
741,-2.2,2,-1.9,2,0.858
742,-2.2,2,-1.8,2,0.858
743,-2.2,2,-1.7,2,0.868
744,-2.2,2,-1.6,2,0.839
745,-2.2,2,-1.5,2,0.863
746,-2.2,2,-1.4,2,0.854
747,-2.2,2,-1.3,2,0.86
748,-2.2,2,-1.2,2,0.86
749,-2.2,2,-1.1,2,0.857
750,-2.2,2,-1.0,2,0.857
751,-2.2,2,-0.9,2,0.828
752,-2.2,2,-0.8,2,0.835
753,-2.2,2,-0.7,2,0.856
754,-2.2,2,-0.6,2,0.865
755,-2.2,2,-0.5,2,0.852
756,-2.2,2,-0.4,2,0.834
757,-2.2,2,-0.3,2,0.86
758,-2.2,2,-0.2,2,0.824
759,-2.2,2,-0.1,2,0.857
760,-2.1,2,-4.0,2,0.852
761,-2.1,2,-3.9,2,0.865
762,-2.1,2,-3.8,2,0.867
763,-2.1,2,-3.7,2,0.848
764,-2.1,2,-3.6,2,0.847
765,-2.1,2,-3.5,2,0.85
766,-2.1,2,-3.4,2,0.857
767,-2.1,2,-3.3,2,0.859
768,-2.1,2,-3.2,2,0.829
769,-2.1,2,-3.1,2,0.861
770,-2.1,2,-3.0,2,0.86
771,-2.1,2,-2.9,2,0.867
772,-2.1,2,-2.8,2,0.851
773,-2.1,2,-2.7,2,0.877
774,-2.1,2,-2.6,2,0.861
775,-2.1,2,-2.5,2,0.855
776,-2.1,2,-2.4,2,0.853
777,-2.1,2,-2.3,2,0.871
778,-2.1,2,-2.2,2,0.861
779,-2.1,2,-2.1,2,0.871
780,-2.1,2,-2.0,2,0.862
781,-2.1,2,-1.9,2,0.861
782,-2.1,2,-1.8,2,0.864
783,-2.1,2,-1.7,2,0.84
784,-2.1,2,-1.6,2,0.862
785,-2.1,2,-1.5,2,0.853
786,-2.1,2,-1.4,2,0.859
787,-2.1,2,-1.3,2,0.853
788,-2.1,2,-1.2,2,0.86
789,-2.1,2,-1.1,2,0.865
790,-2.1,2,-1.0,2,0.858
791,-2.1,2,-0.9,2,0.87
792,-2.1,2,-0.8,2,0.855
793,-2.1,2,-0.7,2,0.847
794,-2.1,2,-0.6,2,0.856
795,-2.1,2,-0.5,2,0.848
796,-2.1,2,-0.4,2,0.844
797,-2.1,2,-0.3,2,0.849
798,-2.1,2,-0.2,2,0.853
799,-2.1,2,-0.1,2,0.849
800,-2.0,2,-4.0,2,0.887
801,-2.0,2,-3.9,2,0.871
802,-2.0,2,-3.8,2,0.848
803,-2.0,2,-3.7,2,0.863
804,-2.0,2,-3.6,2,0.862
805,-2.0,2,-3.5,2,0.866
806,-2.0,2,-3.4,2,0.87
807,-2.0,2,-3.3,2,0.86
808,-2.0,2,-3.2,2,0.864
809,-2.0,2,-3.1,2,0.841
810,-2.0,2,-3.0,2,0.862
811,-2.0,2,-2.9,2,0.858
812,-2.0,2,-2.8,2,0.837
813,-2.0,2,-2.7,2,0.841
814,-2.0,2,-2.6,2,0.863
815,-2.0,2,-2.5,2,0.865
816,-2.0,2,-2.4,2,0.862
817,-2.0,2,-2.3,2,0.873
818,-2.0,2,-2.2,2,0.84
819,-2.0,2,-2.1,2,0.836
820,-2.0,2,-2.0,2,0.852
821,-2.0,2,-1.9,2,0.868
822,-2.0,2,-1.8,2,0.866
823,-2.0,2,-1.7,2,0.852
824,-2.0,2,-1.6,2,0.862
825,-2.0,2,-1.5,2,0.855
826,-2.0,2,-1.4,2,0.854
827,-2.0,2,-1.3,2,0.851
828,-2.0,2,-1.2,2,0.853
829,-2.0,2,-1.1,2,0.849
830,-2.0,2,-1.0,2,0.868
831,-2.0,2,-0.9,2,0.847
832,-2.0,2,-0.8,2,0.864
833,-2.0,2,-0.7,2,0.838
834,-2.0,2,-0.6,2,0.826
835,-2.0,2,-0.5,2,0.851
836,-2.0,2,-0.4,2,0.852
837,-2.0,2,-0.3,2,0.856
838,-2.0,2,-0.2,2,0.867
839,-2.0,2,-0.1,2,0.846
840,-1.9,2,-4.0,2,0.871
841,-1.9,2,-3.9,2,0.868
842,-1.9,2,-3.8,2,0.867
843,-1.9,2,-3.7,2,0.861
844,-1.9,2,-3.6,2,0.883
845,-1.9,2,-3.5,2,0.874
846,-1.9,2,-3.4,2,0.84
847,-1.9,2,-3.3,2,0.844
848,-1.9,2,-3.2,2,0.86
849,-1.9,2,-3.1,2,0.863
850,-1.9,2,-3.0,2,0.857
851,-1.9,2,-2.9,2,0.858
852,-1.9,2,-2.8,2,0.874
853,-1.9,2,-2.7,2,0.848
854,-1.9,2,-2.6,2,0.832
855,-1.9,2,-2.5,2,0.833
856,-1.9,2,-2.4,2,0.877
857,-1.9,2,-2.3,2,0.861
858,-1.9,2,-2.2,2,0.859
859,-1.9,2,-2.1,2,0.847
860,-1.9,2,-2.0,2,0.873
861,-1.9,2,-1.9,2,0.865
862,-1.9,2,-1.8,2,0.863
863,-1.9,2,-1.7,2,0.845
864,-1.9,2,-1.6,2,0.861
865,-1.9,2,-1.5,2,0.87
866,-1.9,2,-1.4,2,0.845
867,-1.9,2,-1.3,2,0.87
868,-1.9,2,-1.2,2,0.849
869,-1.9,2,-1.1,2,0.849
870,-1.9,2,-1.0,2,0.864
871,-1.9,2,-0.9,2,0.849
872,-1.9,2,-0.8,2,0.859
873,-1.9,2,-0.7,2,0.864
874,-1.9,2,-0.6,2,0.842
875,-1.9,2,-0.5,2,0.839
876,-1.9,2,-0.4,2,0.852
877,-1.9,2,-0.3,2,0.844
878,-1.9,2,-0.2,2,0.844
879,-1.9,2,-0.1,2,0.864
880,-1.8,2,-4.0,2,0.859
881,-1.8,2,-3.9,2,0.852
882,-1.8,2,-3.8,2,0.852
883,-1.8,2,-3.7,2,0.858
884,-1.8,2,-3.6,2,0.851
885,-1.8,2,-3.5,2,0.865
886,-1.8,2,-3.4,2,0.862
887,-1.8,2,-3.3,2,0.869
888,-1.8,2,-3.2,2,0.854
889,-1.8,2,-3.1,2,0.845
890,-1.8,2,-3.0,2,0.847
891,-1.8,2,-2.9,2,0.882
892,-1.8,2,-2.8,2,0.867
893,-1.8,2,-2.7,2,0.851
894,-1.8,2,-2.6,2,0.85
895,-1.8,2,-2.5,2,0.864
896,-1.8,2,-2.4,2,0.883
897,-1.8,2,-2.3,2,0.846
898,-1.8,2,-2.2,2,0.859
899,-1.8,2,-2.1,2,0.844
900,-1.8,2,-2.0,2,0.851
901,-1.8,2,-1.9,2,0.864
902,-1.8,2,-1.8,2,0.855
903,-1.8,2,-1.7,2,0.87
904,-1.8,2,-1.6,2,0.861
905,-1.8,2,-1.5,2,0.855
906,-1.8,2,-1.4,2,0.836
907,-1.8,2,-1.3,2,0.865
908,-1.8,2,-1.2,2,0.852
909,-1.8,2,-1.1,2,0.879
910,-1.8,2,-1.0,2,0.855
911,-1.8,2,-0.9,2,0.857
912,-1.8,2,-0.8,2,0.84
913,-1.8,2,-0.7,2,0.832
914,-1.8,2,-0.6,2,0.867
915,-1.8,2,-0.5,2,0.853
916,-1.8,2,-0.4,2,0.841
917,-1.8,2,-0.3,2,0.838
918,-1.8,2,-0.2,2,0.835
919,-1.8,2,-0.1,2,0.852
920,-1.7,2,-4.0,2,0.85
921,-1.7,2,-3.9,2,0.874
922,-1.7,2,-3.8,2,0.859
923,-1.7,2,-3.7,2,0.854
924,-1.7,2,-3.6,2,0.855
925,-1.7,2,-3.5,2,0.873
926,-1.7,2,-3.4,2,0.858
927,-1.7,2,-3.3,2,0.862
928,-1.7,2,-3.2,2,0.848
929,-1.7,2,-3.1,2,0.866
930,-1.7,2,-3.0,2,0.853
931,-1.7,2,-2.9,2,0.86
932,-1.7,2,-2.8,2,0.863
933,-1.7,2,-2.7,2,0.875
934,-1.7,2,-2.6,2,0.875
935,-1.7,2,-2.5,2,0.854
936,-1.7,2,-2.4,2,0.851
937,-1.7,2,-2.3,2,0.838
938,-1.7,2,-2.2,2,0.875
939,-1.7,2,-2.1,2,0.859
940,-1.7,2,-2.0,2,0.844
941,-1.7,2,-1.9,2,0.856
942,-1.7,2,-1.8,2,0.861
943,-1.7,2,-1.7,2,0.86
944,-1.7,2,-1.6,2,0.876
945,-1.7,2,-1.5,2,0.837
946,-1.7,2,-1.4,2,0.851
947,-1.7,2,-1.3,2,0.85
948,-1.7,2,-1.2,2,0.871
949,-1.7,2,-1.1,2,0.856
950,-1.7,2,-1.0,2,0.866
951,-1.7,2,-0.9,2,0.851
952,-1.7,2,-0.8,2,0.86
953,-1.7,2,-0.7,2,0.835
954,-1.7,2,-0.6,2,0.828
955,-1.7,2,-0.5,2,0.854
956,-1.7,2,-0.4,2,0.879
957,-1.7,2,-0.3,2,0.845
958,-1.7,2,-0.2,2,0.84
959,-1.7,2,-0.1,2,0.855
960,-1.6,2,-4.0,2,0.851
961,-1.6,2,-3.9,2,0.865
962,-1.6,2,-3.8,2,0.854
963,-1.6,2,-3.7,2,0.856
964,-1.6,2,-3.6,2,0.855
965,-1.6,2,-3.5,2,0.868
966,-1.6,2,-3.4,2,0.859
967,-1.6,2,-3.3,2,0.868
968,-1.6,2,-3.2,2,0.857
969,-1.6,2,-3.1,2,0.857
970,-1.6,2,-3.0,2,0.869
971,-1.6,2,-2.9,2,0.865
972,-1.6,2,-2.8,2,0.859
973,-1.6,2,-2.7,2,0.859
974,-1.6,2,-2.6,2,0.858
975,-1.6,2,-2.5,2,0.852
976,-1.6,2,-2.4,2,0.845
977,-1.6,2,-2.3,2,0.862
978,-1.6,2,-2.2,2,0.863
979,-1.6,2,-2.1,2,0.866
980,-1.6,2,-2.0,2,0.841
981,-1.6,2,-1.9,2,0.84
982,-1.6,2,-1.8,2,0.854
983,-1.6,2,-1.7,2,0.866
984,-1.6,2,-1.6,2,0.869
985,-1.6,2,-1.5,2,0.84
986,-1.6,2,-1.4,2,0.859
987,-1.6,2,-1.3,2,0.847
988,-1.6,2,-1.2,2,0.84
989,-1.6,2,-1.1,2,0.851
990,-1.6,2,-1.0,2,0.872
991,-1.6,2,-0.9,2,0.86
992,-1.6,2,-0.8,2,0.86
993,-1.6,2,-0.7,2,0.838
994,-1.6,2,-0.6,2,0.86
995,-1.6,2,-0.5,2,0.849
996,-1.6,2,-0.4,2,0.857
997,-1.6,2,-0.3,2,0.86
998,-1.6,2,-0.2,2,0.868
999,-1.6,2,-0.1,2,0.849
1000,-1.5,2,-4.0,2,0.852
1001,-1.5,2,-3.9,2,0.838
1002,-1.5,2,-3.8,2,0.854
1003,-1.5,2,-3.7,2,0.855
1004,-1.5,2,-3.6,2,0.848
1005,-1.5,2,-3.5,2,0.85
1006,-1.5,2,-3.4,2,0.86
1007,-1.5,2,-3.3,2,0.829
1008,-1.5,2,-3.2,2,0.842
1009,-1.5,2,-3.1,2,0.853
1010,-1.5,2,-3.0,2,0.853
1011,-1.5,2,-2.9,2,0.855
1012,-1.5,2,-2.8,2,0.869
1013,-1.5,2,-2.7,2,0.863
1014,-1.5,2,-2.6,2,0.86
1015,-1.5,2,-2.5,2,0.858
1016,-1.5,2,-2.4,2,0.841
1017,-1.5,2,-2.3,2,0.849
1018,-1.5,2,-2.2,2,0.865
1019,-1.5,2,-2.1,2,0.851
1020,-1.5,2,-2.0,2,0.861
1021,-1.5,2,-1.9,2,0.892
1022,-1.5,2,-1.8,2,0.866
1023,-1.5,2,-1.7,2,0.857
1024,-1.5,2,-1.6,2,0.868
1025,-1.5,2,-1.5,2,0.854
1026,-1.5,2,-1.4,2,0.863
1027,-1.5,2,-1.3,2,0.84
1028,-1.5,2,-1.2,2,0.834
1029,-1.5,2,-1.1,2,0.856
1030,-1.5,2,-1.0,2,0.853
1031,-1.5,2,-0.9,2,0.868
1032,-1.5,2,-0.8,2,0.863
1033,-1.5,2,-0.7,2,0.844
1034,-1.5,2,-0.6,2,0.858
1035,-1.5,2,-0.5,2,0.861
1036,-1.5,2,-0.4,2,0.837
1037,-1.5,2,-0.3,2,0.853
1038,-1.5,2,-0.2,2,0.848
1039,-1.5,2,-0.1,2,0.836
1040,-1.4,2,-4.0,2,0.858
1041,-1.4,2,-3.9,2,0.856
1042,-1.4,2,-3.8,2,0.858
1043,-1.4,2,-3.7,2,0.876
1044,-1.4,2,-3.6,2,0.872
1045,-1.4,2,-3.5,2,0.834
1046,-1.4,2,-3.4,2,0.857
1047,-1.4,2,-3.3,2,0.856
1048,-1.4,2,-3.2,2,0.843
1049,-1.4,2,-3.1,2,0.853
1050,-1.4,2,-3.0,2,0.848
1051,-1.4,2,-2.9,2,0.854
1052,-1.4,2,-2.8,2,0.852
1053,-1.4,2,-2.7,2,0.853
1054,-1.4,2,-2.6,2,0.867
1055,-1.4,2,-2.5,2,0.865
1056,-1.4,2,-2.4,2,0.833
1057,-1.4,2,-2.3,2,0.858
1058,-1.4,2,-2.2,2,0.855
1059,-1.4,2,-2.1,2,0.87
1060,-1.4,2,-2.0,2,0.852
1061,-1.4,2,-1.9,2,0.866
1062,-1.4,2,-1.8,2,0.882
1063,-1.4,2,-1.7,2,0.872
1064,-1.4,2,-1.6,2,0.871
1065,-1.4,2,-1.5,2,0.844
1066,-1.4,2,-1.4,2,0.838
1067,-1.4,2,-1.3,2,0.843
1068,-1.4,2,-1.2,2,0.834
1069,-1.4,2,-1.1,2,0.857
1070,-1.4,2,-1.0,2,0.87
1071,-1.4,2,-0.9,2,0.866
1072,-1.4,2,-0.8,2,0.857
1073,-1.4,2,-0.7,2,0.857
1074,-1.4,2,-0.6,2,0.843
1075,-1.4,2,-0.5,2,0.871
1076,-1.4,2,-0.4,2,0.841
1077,-1.4,2,-0.3,2,0.863
1078,-1.4,2,-0.2,2,0.867
1079,-1.4,2,-0.1,2,0.87
1080,-1.3,2,-4.0,2,0.87
1081,-1.3,2,-3.9,2,0.862
1082,-1.3,2,-3.8,2,0.876
1083,-1.3,2,-3.7,2,0.871
1084,-1.3,2,-3.6,2,0.86
1085,-1.3,2,-3.5,2,0.86
1086,-1.3,2,-3.4,2,0.857
1087,-1.3,2,-3.3,2,0.853
1088,-1.3,2,-3.2,2,0.85
1089,-1.3,2,-3.1,2,0.869
1090,-1.3,2,-3.0,2,0.852
1091,-1.3,2,-2.9,2,0.853
1092,-1.3,2,-2.8,2,0.87
1093,-1.3,2,-2.7,2,0.855
1094,-1.3,2,-2.6,2,0.86
1095,-1.3,2,-2.5,2,0.863
1096,-1.3,2,-2.4,2,0.86
1097,-1.3,2,-2.3,2,0.831
1098,-1.3,2,-2.2,2,0.856
1099,-1.3,2,-2.1,2,0.857
1100,-1.3,2,-2.0,2,0.849
1101,-1.3,2,-1.9,2,0.864
1102,-1.3,2,-1.8,2,0.853
1103,-1.3,2,-1.7,2,0.855
1104,-1.3,2,-1.6,2,0.849
1105,-1.3,2,-1.5,2,0.851
1106,-1.3,2,-1.4,2,0.865
1107,-1.3,2,-1.3,2,0.87
1108,-1.3,2,-1.2,2,0.86
1109,-1.3,2,-1.1,2,0.871
1110,-1.3,2,-1.0,2,0.848
1111,-1.3,2,-0.9,2,0.866
1112,-1.3,2,-0.8,2,0.846
1113,-1.3,2,-0.7,2,0.862
1114,-1.3,2,-0.6,2,0.863
1115,-1.3,2,-0.5,2,0.834
1116,-1.3,2,-0.4,2,0.849
1117,-1.3,2,-0.3,2,0.863
1118,-1.3,2,-0.2,2,0.863
1119,-1.3,2,-0.1,2,0.867
1120,-1.2,2,-4.0,2,0.86
1121,-1.2,2,-3.9,2,0.851
1122,-1.2,2,-3.8,2,0.867
1123,-1.2,2,-3.7,2,0.871
1124,-1.2,2,-3.6,2,0.842
1125,-1.2,2,-3.5,2,0.85
1126,-1.2,2,-3.4,2,0.862
1127,-1.2,2,-3.3,2,0.853
1128,-1.2,2,-3.2,2,0.85
1129,-1.2,2,-3.1,2,0.854
1130,-1.2,2,-3.0,2,0.864
1131,-1.2,2,-2.9,2,0.853
1132,-1.2,2,-2.8,2,0.847
1133,-1.2,2,-2.7,2,0.858
1134,-1.2,2,-2.6,2,0.866
1135,-1.2,2,-2.5,2,0.873
1136,-1.2,2,-2.4,2,0.865
1137,-1.2,2,-2.3,2,0.859
1138,-1.2,2,-2.2,2,0.856
1139,-1.2,2,-2.1,2,0.868
1140,-1.2,2,-2.0,2,0.852
1141,-1.2,2,-1.9,2,0.854
1142,-1.2,2,-1.8,2,0.852
1143,-1.2,2,-1.7,2,0.846
1144,-1.2,2,-1.6,2,0.844
1145,-1.2,2,-1.5,2,0.827
1146,-1.2,2,-1.4,2,0.874
1147,-1.2,2,-1.3,2,0.85
1148,-1.2,2,-1.2,2,0.842
1149,-1.2,2,-1.1,2,0.863
1150,-1.2,2,-1.0,2,0.864
1151,-1.2,2,-0.9,2,0.852
1152,-1.2,2,-0.8,2,0.846
1153,-1.2,2,-0.7,2,0.865
1154,-1.2,2,-0.6,2,0.847
1155,-1.2,2,-0.5,2,0.844
1156,-1.2,2,-0.4,2,0.851
1157,-1.2,2,-0.3,2,0.859
1158,-1.2,2,-0.2,2,0.845
1159,-1.2,2,-0.1,2,0.834
1160,-1.1,2,-4.0,2,0.863
1161,-1.1,2,-3.9,2,0.852
1162,-1.1,2,-3.8,2,0.848
1163,-1.1,2,-3.7,2,0.833
1164,-1.1,2,-3.6,2,0.866
1165,-1.1,2,-3.5,2,0.842
1166,-1.1,2,-3.4,2,0.855
1167,-1.1,2,-3.3,2,0.846
1168,-1.1,2,-3.2,2,0.853
1169,-1.1,2,-3.1,2,0.857
1170,-1.1,2,-3.0,2,0.871
1171,-1.1,2,-2.9,2,0.871
1172,-1.1,2,-2.8,2,0.862
1173,-1.1,2,-2.7,2,0.848
1174,-1.1,2,-2.6,2,0.848
1175,-1.1,2,-2.5,2,0.873
1176,-1.1,2,-2.4,2,0.856
1177,-1.1,2,-2.3,2,0.867
1178,-1.1,2,-2.2,2,0.84
1179,-1.1,2,-2.1,2,0.862
1180,-1.1,2,-2.0,2,0.87
1181,-1.1,2,-1.9,2,0.865
1182,-1.1,2,-1.8,2,0.865
1183,-1.1,2,-1.7,2,0.874
1184,-1.1,2,-1.6,2,0.873
1185,-1.1,2,-1.5,2,0.849
1186,-1.1,2,-1.4,2,0.847
1187,-1.1,2,-1.3,2,0.854
1188,-1.1,2,-1.2,2,0.855
1189,-1.1,2,-1.1,2,0.844
1190,-1.1,2,-1.0,2,0.855
1191,-1.1,2,-0.9,2,0.859
1192,-1.1,2,-0.8,2,0.845
1193,-1.1,2,-0.7,2,0.854
1194,-1.1,2,-0.6,2,0.837
1195,-1.1,2,-0.5,2,0.875
1196,-1.1,2,-0.4,2,0.856
1197,-1.1,2,-0.3,2,0.857
1198,-1.1,2,-0.2,2,0.855
1199,-1.1,2,-0.1,2,0.85
1200,-1.0,2,-4.0,2,0.865
1201,-1.0,2,-3.9,2,0.871
1202,-1.0,2,-3.8,2,0.868
1203,-1.0,2,-3.7,2,0.866
1204,-1.0,2,-3.6,2,0.857
1205,-1.0,2,-3.5,2,0.87
1206,-1.0,2,-3.4,2,0.858
1207,-1.0,2,-3.3,2,0.852
1208,-1.0,2,-3.2,2,0.849
1209,-1.0,2,-3.1,2,0.848
1210,-1.0,2,-3.0,2,0.857
1211,-1.0,2,-2.9,2,0.842
1212,-1.0,2,-2.8,2,0.866
1213,-1.0,2,-2.7,2,0.864
1214,-1.0,2,-2.6,2,0.862
1215,-1.0,2,-2.5,2,0.861
1216,-1.0,2,-2.4,2,0.869
1217,-1.0,2,-2.3,2,0.871
1218,-1.0,2,-2.2,2,0.841
1219,-1.0,2,-2.1,2,0.856
1220,-1.0,2,-2.0,2,0.86
1221,-1.0,2,-1.9,2,0.849
1222,-1.0,2,-1.8,2,0.879
1223,-1.0,2,-1.7,2,0.866
1224,-1.0,2,-1.6,2,0.86
1225,-1.0,2,-1.5,2,0.879
1226,-1.0,2,-1.4,2,0.862
1227,-1.0,2,-1.3,2,0.868
1228,-1.0,2,-1.2,2,0.861
1229,-1.0,2,-1.1,2,0.827
1230,-1.0,2,-1.0,2,0.858
1231,-1.0,2,-0.9,2,0.876
1232,-1.0,2,-0.8,2,0.869
1233,-1.0,2,-0.7,2,0.87
1234,-1.0,2,-0.6,2,0.839
1235,-1.0,2,-0.5,2,0.87
1236,-1.0,2,-0.4,2,0.848
1237,-1.0,2,-0.3,2,0.857
1238,-1.0,2,-0.2,2,0.869
1239,-1.0,2,-0.1,2,0.861
1240,-0.9,2,-4.0,2,0.851
1241,-0.9,2,-3.9,2,0.851
1242,-0.9,2,-3.8,2,0.855
1243,-0.9,2,-3.7,2,0.864
1244,-0.9,2,-3.6,2,0.856
1245,-0.9,2,-3.5,2,0.876
1246,-0.9,2,-3.4,2,0.854
1247,-0.9,2,-3.3,2,0.854
1248,-0.9,2,-3.2,2,0.863
1249,-0.9,2,-3.1,2,0.843
1250,-0.9,2,-3.0,2,0.872
1251,-0.9,2,-2.9,2,0.862
1252,-0.9,2,-2.8,2,0.848
1253,-0.9,2,-2.7,2,0.879
1254,-0.9,2,-2.6,2,0.886
1255,-0.9,2,-2.5,2,0.864
1256,-0.9,2,-2.4,2,0.861
1257,-0.9,2,-2.3,2,0.842
1258,-0.9,2,-2.2,2,0.859
1259,-0.9,2,-2.1,2,0.856
1260,-0.9,2,-2.0,2,0.845
1261,-0.9,2,-1.9,2,0.871
1262,-0.9,2,-1.8,2,0.876
1263,-0.9,2,-1.7,2,0.836
1264,-0.9,2,-1.6,2,0.855
1265,-0.9,2,-1.5,2,0.859
1266,-0.9,2,-1.4,2,0.863
1267,-0.9,2,-1.3,2,0.851
1268,-0.9,2,-1.2,2,0.854
1269,-0.9,2,-1.1,2,0.858
1270,-0.9,2,-1.0,2,0.857
1271,-0.9,2,-0.9,2,0.858
1272,-0.9,2,-0.8,2,0.86
1273,-0.9,2,-0.7,2,0.854
1274,-0.9,2,-0.6,2,0.854
1275,-0.9,2,-0.5,2,0.869
1276,-0.9,2,-0.4,2,0.864
1277,-0.9,2,-0.3,2,0.84
1278,-0.9,2,-0.2,2,0.843
1279,-0.9,2,-0.1,2,0.852
1280,-0.8,2,-4.0,2,0.87
1281,-0.8,2,-3.9,2,0.866
1282,-0.8,2,-3.8,2,0.84
1283,-0.8,2,-3.7,2,0.872
1284,-0.8,2,-3.6,2,0.873
1285,-0.8,2,-3.5,2,0.848
1286,-0.8,2,-3.4,2,0.844
1287,-0.8,2,-3.3,2,0.853
1288,-0.8,2,-3.2,2,0.85
1289,-0.8,2,-3.1,2,0.859
1290,-0.8,2,-3.0,2,0.868
1291,-0.8,2,-2.9,2,0.886
1292,-0.8,2,-2.8,2,0.863
1293,-0.8,2,-2.7,2,0.865
1294,-0.8,2,-2.6,2,0.863
1295,-0.8,2,-2.5,2,0.868
1296,-0.8,2,-2.4,2,0.867
1297,-0.8,2,-2.3,2,0.871
1298,-0.8,2,-2.2,2,0.851
1299,-0.8,2,-2.1,2,0.842
1300,-0.8,2,-2.0,2,0.86
1301,-0.8,2,-1.9,2,0.871
1302,-0.8,2,-1.8,2,0.837
1303,-0.8,2,-1.7,2,0.841
1304,-0.8,2,-1.6,2,0.857
1305,-0.8,2,-1.5,2,0.855
1306,-0.8,2,-1.4,2,0.855
1307,-0.8,2,-1.3,2,0.844
1308,-0.8,2,-1.2,2,0.871
1309,-0.8,2,-1.1,2,0.841
1310,-0.8,2,-1.0,2,0.864
1311,-0.8,2,-0.9,2,0.862
1312,-0.8,2,-0.8,2,0.863
1313,-0.8,2,-0.7,2,0.854
1314,-0.8,2,-0.6,2,0.856
1315,-0.8,2,-0.5,2,0.85
1316,-0.8,2,-0.4,2,0.864
1317,-0.8,2,-0.3,2,0.859
1318,-0.8,2,-0.2,2,0.835
1319,-0.8,2,-0.1,2,0.85
1320,-0.7,2,-4.0,2,0.868
1321,-0.7,2,-3.9,2,0.852
1322,-0.7,2,-3.8,2,0.881
1323,-0.7,2,-3.7,2,0.865
1324,-0.7,2,-3.6,2,0.868
1325,-0.7,2,-3.5,2,0.856
1326,-0.7,2,-3.4,2,0.875
1327,-0.7,2,-3.3,2,0.857
1328,-0.7,2,-3.2,2,0.877
1329,-0.7,2,-3.1,2,0.851
1330,-0.7,2,-3.0,2,0.864
1331,-0.7,2,-2.9,2,0.853
1332,-0.7,2,-2.8,2,0.867
1333,-0.7,2,-2.7,2,0.859
1334,-0.7,2,-2.6,2,0.865
1335,-0.7,2,-2.5,2,0.863
1336,-0.7,2,-2.4,2,0.858
1337,-0.7,2,-2.3,2,0.861
1338,-0.7,2,-2.2,2,0.857
1339,-0.7,2,-2.1,2,0.855
1340,-0.7,2,-2.0,2,0.85
1341,-0.7,2,-1.9,2,0.864
1342,-0.7,2,-1.8,2,0.871
1343,-0.7,2,-1.7,2,0.869
1344,-0.7,2,-1.6,2,0.849
1345,-0.7,2,-1.5,2,0.873
1346,-0.7,2,-1.4,2,0.845
1347,-0.7,2,-1.3,2,0.838
1348,-0.7,2,-1.2,2,0.861
1349,-0.7,2,-1.1,2,0.851
1350,-0.7,2,-1.0,2,0.863
1351,-0.7,2,-0.9,2,0.843
1352,-0.7,2,-0.8,2,0.858
1353,-0.7,2,-0.7,2,0.849
1354,-0.7,2,-0.6,2,0.855
1355,-0.7,2,-0.5,2,0.851
1356,-0.7,2,-0.4,2,0.876
1357,-0.7,2,-0.3,2,0.863
1358,-0.7,2,-0.2,2,0.836
1359,-0.7,2,-0.1,2,0.835
1360,-0.6,2,-4.0,2,0.85
1361,-0.6,2,-3.9,2,0.874
1362,-0.6,2,-3.8,2,0.855
1363,-0.6,2,-3.7,2,0.868
1364,-0.6,2,-3.6,2,0.85
1365,-0.6,2,-3.5,2,0.846
1366,-0.6,2,-3.4,2,0.868
1367,-0.6,2,-3.3,2,0.845
1368,-0.6,2,-3.2,2,0.863
1369,-0.6,2,-3.1,2,0.857
1370,-0.6,2,-3.0,2,0.865
1371,-0.6,2,-2.9,2,0.861
1372,-0.6,2,-2.8,2,0.851
1373,-0.6,2,-2.7,2,0.848
1374,-0.6,2,-2.6,2,0.863
1375,-0.6,2,-2.5,2,0.861
1376,-0.6,2,-2.4,2,0.884
1377,-0.6,2,-2.3,2,0.858
1378,-0.6,2,-2.2,2,0.861
1379,-0.6,2,-2.1,2,0.861
1380,-0.6,2,-2.0,2,0.85
1381,-0.6,2,-1.9,2,0.876
1382,-0.6,2,-1.8,2,0.849
1383,-0.6,2,-1.7,2,0.831
1384,-0.6,2,-1.6,2,0.869
1385,-0.6,2,-1.5,2,0.86
1386,-0.6,2,-1.4,2,0.864
1387,-0.6,2,-1.3,2,0.864
1388,-0.6,2,-1.2,2,0.869
1389,-0.6,2,-1.1,2,0.857
1390,-0.6,2,-1.0,2,0.868
1391,-0.6,2,-0.9,2,0.876
1392,-0.6,2,-0.8,2,0.829
1393,-0.6,2,-0.7,2,0.857
1394,-0.6,2,-0.6,2,0.865
1395,-0.6,2,-0.5,2,0.848
1396,-0.6,2,-0.4,2,0.856
1397,-0.6,2,-0.3,2,0.84
1398,-0.6,2,-0.2,2,0.868
1399,-0.6,2,-0.1,2,0.846
1400,-0.5,2,-4.0,2,0.86
1401,-0.5,2,-3.9,2,0.864
1402,-0.5,2,-3.8,2,0.866
1403,-0.5,2,-3.7,2,0.845
1404,-0.5,2,-3.6,2,0.852
1405,-0.5,2,-3.5,2,0.861
1406,-0.5,2,-3.4,2,0.862
1407,-0.5,2,-3.3,2,0.851
1408,-0.5,2,-3.2,2,0.872
1409,-0.5,2,-3.1,2,0.856
1410,-0.5,2,-3.0,2,0.866
1411,-0.5,2,-2.9,2,0.857
1412,-0.5,2,-2.8,2,0.867
1413,-0.5,2,-2.7,2,0.859
1414,-0.5,2,-2.6,2,0.84
1415,-0.5,2,-2.5,2,0.876
1416,-0.5,2,-2.4,2,0.867
1417,-0.5,2,-2.3,2,0.871
1418,-0.5,2,-2.2,2,0.877
1419,-0.5,2,-2.1,2,0.847
1420,-0.5,2,-2.0,2,0.866
1421,-0.5,2,-1.9,2,0.869
1422,-0.5,2,-1.8,2,0.875
1423,-0.5,2,-1.7,2,0.888
1424,-0.5,2,-1.6,2,0.851
1425,-0.5,2,-1.5,2,0.865
1426,-0.5,2,-1.4,2,0.856
1427,-0.5,2,-1.3,2,0.841
1428,-0.5,2,-1.2,2,0.849
1429,-0.5,2,-1.1,2,0.869
1430,-0.5,2,-1.0,2,0.859
1431,-0.5,2,-0.9,2,0.858
1432,-0.5,2,-0.8,2,0.868
1433,-0.5,2,-0.7,2,0.851
1434,-0.5,2,-0.6,2,0.861
1435,-0.5,2,-0.5,2,0.867
1436,-0.5,2,-0.4,2,0.844
1437,-0.5,2,-0.3,2,0.857
1438,-0.5,2,-0.2,2,0.841
1439,-0.5,2,-0.1,2,0.868
1440,-0.4,2,-4.0,2,0.875
1441,-0.4,2,-3.9,2,0.858
1442,-0.4,2,-3.8,2,0.856
1443,-0.4,2,-3.7,2,0.86
1444,-0.4,2,-3.6,2,0.856
1445,-0.4,2,-3.5,2,0.858
1446,-0.4,2,-3.4,2,0.852
1447,-0.4,2,-3.3,2,0.845
1448,-0.4,2,-3.2,2,0.859
1449,-0.4,2,-3.1,2,0.851
1450,-0.4,2,-3.0,2,0.866
1451,-0.4,2,-2.9,2,0.854
1452,-0.4,2,-2.8,2,0.859
1453,-0.4,2,-2.7,2,0.867
1454,-0.4,2,-2.6,2,0.869
1455,-0.4,2,-2.5,2,0.853
1456,-0.4,2,-2.4,2,0.862
1457,-0.4,2,-2.3,2,0.871
1458,-0.4,2,-2.2,2,0.868
1459,-0.4,2,-2.1,2,0.87
1460,-0.4,2,-2.0,2,0.868
1461,-0.4,2,-1.9,2,0.859
1462,-0.4,2,-1.8,2,0.876
1463,-0.4,2,-1.7,2,0.863
1464,-0.4,2,-1.6,2,0.857
1465,-0.4,2,-1.5,2,0.854
1466,-0.4,2,-1.4,2,0.866
1467,-0.4,2,-1.3,2,0.85
1468,-0.4,2,-1.2,2,0.871
1469,-0.4,2,-1.1,2,0.86
1470,-0.4,2,-1.0,2,0.854
1471,-0.4,2,-0.9,2,0.848
1472,-0.4,2,-0.8,2,0.859
1473,-0.4,2,-0.7,2,0.856
1474,-0.4,2,-0.6,2,0.86
1475,-0.4,2,-0.5,2,0.865
1476,-0.4,2,-0.4,2,0.861
1477,-0.4,2,-0.3,2,0.842
1478,-0.4,2,-0.2,2,0.852
1479,-0.4,2,-0.1,2,0.852
1480,-0.3,2,-4.0,2,0.865
1481,-0.3,2,-3.9,2,0.844
1482,-0.3,2,-3.8,2,0.873
1483,-0.3,2,-3.7,2,0.891
1484,-0.3,2,-3.6,2,0.855
1485,-0.3,2,-3.5,2,0.875
1486,-0.3,2,-3.4,2,0.872
1487,-0.3,2,-3.3,2,0.854
1488,-0.3,2,-3.2,2,0.859
1489,-0.3,2,-3.1,2,0.862
1490,-0.3,2,-3.0,2,0.87
1491,-0.3,2,-2.9,2,0.859
1492,-0.3,2,-2.8,2,0.845
1493,-0.3,2,-2.7,2,0.865
1494,-0.3,2,-2.6,2,0.859
1495,-0.3,2,-2.5,2,0.863
1496,-0.3,2,-2.4,2,0.869
1497,-0.3,2,-2.3,2,0.867
1498,-0.3,2,-2.2,2,0.857
1499,-0.3,2,-2.1,2,0.875
1500,-0.3,2,-2.0,2,0.855
1501,-0.3,2,-1.9,2,0.856
1502,-0.3,2,-1.8,2,0.854
1503,-0.3,2,-1.7,2,0.884
1504,-0.3,2,-1.6,2,0.87
1505,-0.3,2,-1.5,2,0.855
1506,-0.3,2,-1.4,2,0.866
1507,-0.3,2,-1.3,2,0.866
1508,-0.3,2,-1.2,2,0.849
1509,-0.3,2,-1.1,2,0.875
1510,-0.3,2,-1.0,2,0.858
1511,-0.3,2,-0.9,2,0.86
1512,-0.3,2,-0.8,2,0.857
1513,-0.3,2,-0.7,2,0.873
1514,-0.3,2,-0.6,2,0.848
1515,-0.3,2,-0.5,2,0.871
1516,-0.3,2,-0.4,2,0.843
1517,-0.3,2,-0.3,2,0.831
1518,-0.3,2,-0.2,2,0.87
1519,-0.3,2,-0.1,2,0.854
1520,-0.2,2,-4.0,2,0.857
1521,-0.2,2,-3.9,2,0.861
1522,-0.2,2,-3.8,2,0.877
1523,-0.2,2,-3.7,2,0.831
1524,-0.2,2,-3.6,2,0.879
1525,-0.2,2,-3.5,2,0.868
1526,-0.2,2,-3.4,2,0.865
1527,-0.2,2,-3.3,2,0.861
1528,-0.2,2,-3.2,2,0.858
1529,-0.2,2,-3.1,2,0.851
1530,-0.2,2,-3.0,2,0.867
1531,-0.2,2,-2.9,2,0.869
1532,-0.2,2,-2.8,2,0.862
1533,-0.2,2,-2.7,2,0.858
1534,-0.2,2,-2.6,2,0.858
1535,-0.2,2,-2.5,2,0.848
1536,-0.2,2,-2.4,2,0.892
1537,-0.2,2,-2.3,2,0.88
1538,-0.2,2,-2.2,2,0.862
1539,-0.2,2,-2.1,2,0.887
1540,-0.2,2,-2.0,2,0.849
1541,-0.2,2,-1.9,2,0.87
1542,-0.2,2,-1.8,2,0.846
1543,-0.2,2,-1.7,2,0.857
1544,-0.2,2,-1.6,2,0.88
1545,-0.2,2,-1.5,2,0.857
1546,-0.2,2,-1.4,2,0.864
1547,-0.2,2,-1.3,2,0.872
1548,-0.2,2,-1.2,2,0.843
1549,-0.2,2,-1.1,2,0.853
1550,-0.2,2,-1.0,2,0.869
1551,-0.2,2,-0.9,2,0.877
1552,-0.2,2,-0.8,2,0.858
1553,-0.2,2,-0.7,2,0.846
1554,-0.2,2,-0.6,2,0.846
1555,-0.2,2,-0.5,2,0.842
1556,-0.2,2,-0.4,2,0.866
1557,-0.2,2,-0.3,2,0.852
1558,-0.2,2,-0.2,2,0.857
1559,-0.2,2,-0.1,2,0.878
1560,-0.1,2,-4.0,2,0.858
1561,-0.1,2,-3.9,2,0.865
1562,-0.1,2,-3.8,2,0.874
1563,-0.1,2,-3.7,2,0.86
1564,-0.1,2,-3.6,2,0.864
1565,-0.1,2,-3.5,2,0.854
1566,-0.1,2,-3.4,2,0.846
1567,-0.1,2,-3.3,2,0.854
1568,-0.1,2,-3.2,2,0.861
1569,-0.1,2,-3.1,2,0.853
1570,-0.1,2,-3.0,2,0.864
1571,-0.1,2,-2.9,2,0.871
1572,-0.1,2,-2.8,2,0.881
1573,-0.1,2,-2.7,2,0.856
1574,-0.1,2,-2.6,2,0.882
1575,-0.1,2,-2.5,2,0.859
1576,-0.1,2,-2.4,2,0.882
1577,-0.1,2,-2.3,2,0.85
1578,-0.1,2,-2.2,2,0.863
1579,-0.1,2,-2.1,2,0.858
1580,-0.1,2,-2.0,2,0.861
1581,-0.1,2,-1.9,2,0.889
1582,-0.1,2,-1.8,2,0.866
1583,-0.1,2,-1.7,2,0.882
1584,-0.1,2,-1.6,2,0.85
1585,-0.1,2,-1.5,2,0.859
1586,-0.1,2,-1.4,2,0.871
1587,-0.1,2,-1.3,2,0.878
1588,-0.1,2,-1.2,2,0.86
1589,-0.1,2,-1.1,2,0.872
1590,-0.1,2,-1.0,2,0.878
1591,-0.1,2,-0.9,2,0.868
1592,-0.1,2,-0.8,2,0.874
1593,-0.1,2,-0.7,2,0.845
1594,-0.1,2,-0.6,2,0.857
1595,-0.1,2,-0.5,2,0.852
1596,-0.1,2,-0.4,2,0.866
1597,-0.1,2,-0.3,2,0.837
1598,-0.1,2,-0.2,2,0.859
1599,-0.1,2,-0.1,2,0.86
